Team,Player,GP,AAG (Median),AAG (Mean),AAG% (Median),AAG% (Mean),REL (Median),REL (Mean),1.1 3/6,1.2 3/7,1.3 3/8,2.1 3/9,2.2 3/10,2.3 3/11,3.1 3/12,3.2 3/13,3.3 3/14,4.1 3/15,4.2 3/16,4.3 3/17,5.1 3/18,5.2 3/19,5.3 3/20,6.1 3/21,6.2 3/22,6.3 3/23,7.1 3/24,7.2 3/25,7.3 3/26,8.1 3/27,8.2 3/28,8.3 3/29,9.1 4/2,9.2 4/3,9.3 4/4,10.1 4/5,10.2 4/6,10.3 4/7,11.1 4/8,11.2 4/9,11.3 4/10,12.1 4/11,12.2 4/12,12.3 4/13,13.1 4/14,13.2 4/15,13.3 4/16,14.1 4/17,14.2 4/18,14.3 4/19,15.1 4/21,15.2 4/22,15.3 4/23
RKL,Average Player (Median),,,,50%,,1.000,,6561.5,6203.0,10642.5,7624.5,5637.5,4567.0,6113.0,7206.5,7730.5,8698.5,4317.0,3086.0,6515.5,4975.0,8869.0,7702.5,6313.5,7694.0,4549.5,2909.5,2703.0,8629.0,6506.5,8475.0,5395.0,4178.5,4467.0,6640.0,4165.5,5928.5,6776.0,5579.0,4171.5,4648.5,5916.0,5635.0,2573.5,5516.0,3861.5,3195.5,5025.5,7413.5,3786.0,9435.0,6374.0
RKL,Average Player (Mean),,,,,50%,,1.000,6394.3,6165.9,10358.8,7568.4,5571.5,4780.5,6120.2,7061.3,7320.8,8633.2,4351.0,3038.3,6319.7,4815.9,8618.0,7742.7,6041.7,7514.9,4445.0,2812.3,2702.5,7843.0,6214.1,8349.8,5237.1,4199.2,4608.2,6736.5,3917.9,5872.9,6214.2,5386.5,4266.9,4479.5,5712.7,5539.5,2544.4,5474.7,3813.3,3142.5,4973.0,7442.7,3567.4,9161.7,6141.4
Tacos,@bam,15,8,9,53%,60%,1.025,1.054,6982,,,7186,,,6402,,,7706,,,8014,,,7954,,,4816,,,8616,,,5660,,,6498,,,6114,,,5249,,,2281,,,3074,,,5099,,
Tacos,@burgerking,15,12,14,80%,93%,1.048,1.077,7777,,,7928,,,6228,,,8729,,,6804,,,8678,,,5238,,,9258,,,5874,,,6887,,,6511,,,4489,,,1811,,,3679,,,3819,,
Tacos,@gschmoney,3,2,2,67%,67%,1.009,1.025,,,,,,,,,,,,,5736,,,8609,,,,,,,,,5443,,,,,,,,,,,,,,,,,,,,
Tacos,@iverson,15,12,12,80%,80%,1.079,1.109,5927,,,9143,,,7659,,,8800,,,7300,,,7866,,,5564,,,8842,,,6352,,,6480,,,6939,,,5455,,,1711,,,3911,,,4496,,
Tacos,@ryoshi,9,8,8,89%,89%,1.115,1.143,7410,,,8937,,,,,,10283,,,,,,,,,,,,,,,,,,6913,,,7522,,,5757,,,2222,,,3408,,,3881,,
Tacos,@siri,15,7,8,47%,53%,0.981,1.008,6621,,,9041,,,6475,,,7008,,,5912,,,6987,,,5279,,,7309,,,5370,,,5972,,,6207,,,5474,,,3352,,,3566,,,3101,,
Tacos,@tacko,6,3,3,50%,50%,0.900,0.935,,,,,,,5442,,,,,,,,,,,,5597,,,4723,,,6628,,,,,,,,,,,,3179,,,1853,,,,,
Tacos,@tezzywezzy,8,5,6,63%,75%,1.059,1.102,,,,,,,,,,,,,5769,,,9313,,,4815,,,8845,,,,,,8277,,,7275,,,4538,,,,,,,,,3330,,
Tacos,@zionwilliamson (@metcalf),4,3,3,75%,75%,0.901,0.910,6655,,,8279,,,7296,,,3906,,,,,,,,,,,,,,,,,,,,,,,,,,,,,,,,,,,
Kings,@btjszn (@nate_) ,9,5,6,56%,67%,1.006,1.032,6021,,,8970,,,6479,,,9109,,,6454,,,,7123,,,1254,,,7721,,,,,,2629,,,,,,,,,,,,,,,,
Kings,@cinemax,7,1,1,14%,14%,0.844,0.857,5427,,,7993,,,5574,,,6235,,,6017,,,,4900,,,,,,,,,,,,,,,,,,,,,,,,,5422,,,
Kings,@clase (@hvl),10,6,7,60%,70%,1.025,1.048,,,,,,,,,,,,,,,,,5512,,,3830,,,6872,,,4219,,,4556,,,,4426,,,5440,,,3860,,,7363,,,6737
Kings,@devonta (Kings),4,2,2,50%,50%,0.958,0.972,,,,,,,6283,,,8275,,,5451,,,,,,,3209,,,,,,,,,,,,,,,,,,,,,,,,,
Kings,@jaylenszn,8,5,5,63%,63%,1.014,1.029,,,,,,,,,,,,,,,,,6364,,,2681,,,,,,4292,,,,,,,4434,,,5408,,,4020,,,7094,,,7117
Kings,@mario (Kings),4,3,3,75%,75%,1.011,1.021,6986,,,6696,,,6713,,,8911,,,,,,,,,,,,,,,,,,,,,,,,,,,,,,,,,,,
Kings,@masdog2222 (Kings),7,7,7,100%,100%,1.122,1.137,,,,,,,,,,,,,,,,,,,,,,,,,,5333,,,5165,,,,4662,,,6023,,,4227,,,8154,,,6601
Kings,@morel (Kings),2,1,1,50%,50%,1.008,1.024,6988,,,7311,,,,,,,,,,,,,,,,,,,,,,,,,,,,,,,,,,,,,,,,,
Kings,@rowan (@freakyfrank),6,5,5,83%,83%,1.093,1.119,,,,,,,,,,,,,,,,,,,,,,,6884,,,6086,,,1633,,,,,,,,,,3954,,,9268,,,7687
Kings,@sink (Kings),10,4,4,40%,40%,0.888,0.912,,,,,,,,,,,,,7384,,,,5252,,,2955,,,6850,,,3971,,,2639,,,,4691,,,3725,,,3651,,,,,,3825
Kings,@thorpe (@clutch),15,11,12,73%,80%,1.059,1.079,7122,,,8292,,,5579,,,8217,,,6870,,,,7774,,,2515,,,6416,,,4722,,,4657,,,,4719,,,5812,,,4092,,,7610,,,7764
Kings,@witt,8,5,4,63%,50%,1.061,1.077,7879,,,9519,,,4773,,,8161,,,6651,,,,,,,,,,9069,,,,,,,,,,4197,,,4717,,,,,,,,,
Flames,@corbin (@member674110),8,7,7,88%,88%,1.014,1.035,,,,,,,,,,9511,,,,,,,4384,,,3193,,,6745,,,4233,,,,,,,,,,6292,,,,,,7450,,,6884
Flames,@crozo,1,1,1,100%,100%,1.126,1.124,,,,,,,6881,,,,,,,,,,,,,,,,,,,,,,,,,,,,,,,,,,,,,,
Flames,@darwin (@senga) (Flames),1,0,0,0%,0%,0.765,0.794,,,,,,,,,,,,,,,,,,,,,,,,,,,,,,,,,,,,,,,,,,,,,4874
Flames,@ejwise (Flames),7,6,6,86%,86%,1.179,1.194,,,,,,,,,,11538,,,,7211,,,4949,,,,,,,,,5800,,,,6475,,,4649,,,,,,4328,,,,,,
Flames,@frostyy,15,9,9,60%,60%,1.024,1.040,7168,,,8277,,,6114,,,9873,,,,4898,,,6494,,,2766,,,5415,,,4153,,,,5326,,,3372,,,5644,,,4806,,,7745,,,7277
Flames,@intriquid,12,8,8,67%,67%,1.079,1.095,7525,,,7455,,,5481,,,,,,,6526,,,5907,,,,,,7230,,,4407,,,,6036,,,3864,,,6050,,,6084,,,8188,,,
Flames,@j417 (Flames),1,0,0,0%,0%,0.963,0.970,,,,7344,,,,,,,,,,,,,,,,,,,,,,,,,,,,,,,,,,,,,,,,,
Flames,@kuminga_,2,0,0,0%,0%,0.948,0.935,,,,,,,,,,,,,,,,,,,,,,,,,,4061,,,,,,,3852,,,,,,,,,,,,
Flames,@plemay,13,3,4,23%,31%,0.909,0.926,6644,,,6804,,,6068,,,8097,,,,4268,,,4866,,,2276,,,6407,,,,,,,5670,,,,,,6209,,,4105,,,5385,,,4909
Flames,@rojoknicks,1,0,1,0%,100%,0.986,1.020,,,,,,,,,,,,,,,,,,,,2868,,,,,,,,,,,,,,,,,,,,,,,,,
Flames,@tjgany,14,9,10,64%,71%,1.047,1.062,6873,,,7277,,,7961,,,8837,,,,5248,,,5449,,,2956,,,7313,,,3912,,,,7042,,,4689,,,5545,,,3287,,,8321,,,
Flames,@trixsta,4,2,1,50%,25%,1.013,1.021,,,,,,,,,,,,,,,,,,,,,,,,,,,,,,,,,4214,,,5194,,,,,,8524,,,5957
Flames,@wulf (@heroin),9,4,6,44%,67%,1.005,1.027,6273,,,,,,5414,,,9715,,,,5768,,,,,,2205,,,6397,,,,,,,5873,,,,,,,,,4129,,,,,,6423
Flames,@xyo,2,0,0,0%,0%,0.909,0.923,6270,,,6620,,,,,,,,,,,,,,,,,,,,,,,,,,,,,,,,,,,,,,,,,
Stars,@dawgsnation (Stars),4,3,2,75%,50%,1.029,1.046,,,,,,,,,,10179,,,,,,7714,,,,3434,,,5233,,,,,,,,,,,,,,,,,,,,,,
Stars,@devinbooker,15,15,15,100%,100%,1.139,1.160,7052,,,8364,,,6909,,,11137,,,7283,,,8003,,,,4039,,,8263,,,4456,,,4954,,,6497,,,,6383,,,4591,,,7812,,,6604
Stars,@juan.soto22,11,9,9,82%,82%,1.049,1.066,,,,8205,,,8698,,,9410,,,1922,,,,,,,,,,,,,4810,,,4257,,,5890,,,,6420,,,4004,,,9881,,,5879
Stars,@lamb,15,12,13,80%,87%,1.045,1.064,7851,,,8035,,,5133,,,8737,,,6960,,,7929,,,,2813,,,6576,,,4368,,,4715,,,6142,,,,5978,,,3563,,,7590,,,7532
Stars,@morant,7,2,3,29%,43%,0.947,0.963,4613,,,7835,,,6018,,,,,,5242,,,8997,,,,2848,,,,,,,,,,,,,,,,,,,,,,,,,5934
Stars,@neev,5,3,3,60%,60%,1.032,1.059,6624,,,7462,,,,,,,,,,,,,,,,,,,7126,,,,,,,,,,,,,,,,3432,,,,,,7264
Stars,@playexplainer,8,2,3,25%,38%,0.953,0.963,,,,,,,6555,,,7683,,,6327,,,6759,,,,,,,,,,4085,,,4123,,,,,,,5094,,,,,,7422,,,
Stars,@raiola,15,10,11,67%,73%,1.052,1.071,6531,,,6895,,,6400,,,9159,,,7466,,,8615,,,,3735,,,6744,,,4068,,,5447,,,5794,,,,5193,,,4251,,,7405,,,6799
Stars,@willi3,4,1,1,25%,25%,0.964,0.978,,,,,,,,,,,,,,,,,,,,,,,,,,,,,,,,5253,,,,7038,,,2647,,,6746,,,
Stars,@wisco,6,2,2,33%,33%,0.858,0.887,4090,,,,,,,,,,,,,,,,,,,3355,,,7234,,,3839,,,3498,,,3638,,,,,,,,,,,,,
Piggies ,@brandonmiller (@money),15,5,4,33%,27%,0.942,0.955,7548,,,7696,,,4926,,,,5375,,,5344,,,5309,,,2751,,,5627,,,,4483,,,5704,,,3817,,,5466,,,2176,,,6752,,,5362
Piggies ,@cs_derrick13,9,7,7,78%,78%,1.055,1.065,,,,,,,6168,,,,,,,,,,,,,,,,7625,,,,5245,,,6039,,,3902,,,5708,,,4949,,,6758,,,6858
Piggies ,@evan_stewart_ii (@killerbees_71),11,6,6,55%,55%,0.983,1.000,7218,,,7533,,,5250,,,,3127,,,5488,,,5528,,,3183,,,7161,,,,2780,,,,,,,,,,,,,,,8049,,,7166
Piggies ,@glaciers,15,7,8,47%,53%,1.023,1.038,6039,,,7811,,,6978,,,,4129,,,4597,,,6263,,,3351,,,7502,,,,4825,,,5124,,,4071,,,6891,,,3433,,,8714,,,5373
Piggies ,@jtfr,12,5,5,42%,42%,0.998,1.011,7943,,,8964,,,5259,,,,4286,,,4623,,,,,,,,,6173,,,,,,,4733,,,3166,,,3006,,,4666,,,8350,,,8157
Piggies ,@lxst (@money/@corum) (Piggies),5,1,1,20%,20%,0.911,0.921,5466,,,5415,,,,,,,4190,,,,,,8194,,,,,,,,,,3401,,,,,,,,,,,,,,,,,,
Piggies ,@ngasilver (@silver) (Piggies),1,0,0,0%,0%,0.853,0.852,,,,,,,5214,,,,,,,,,,,,,,,,,,,,,,,,,,,,,,,,,,,,,,
Piggies ,@shitsterken (@trossard),7,3,3,43%,43%,0.986,0.997,6690,,,,,,,,,,4264,,,4762,,,7810,,,,,,,,,,2899,,,6208,,,3592,,,,,,,,,,,,
Piggies ,@shot (Piggies),6,3,3,50%,50%,0.899,0.929,,,,,,,,,,,,,,3555,,,6416,,,2977,,,6792,,,,,,,,,,,,,3965,,,3454,,,,,,
Piggies ,@starwars (@payton),2,0,0,0%,0%,0.686,0.697,,,,,,,,,,,,,,,,,,,,,,,,,,,,,,,,,,,,,,,,,,7385,,,2077
Piggies ,@wxrtz,1,0,0,0%,0%,0.618,0.639,,,,,,,,,,,,,,,,,,,,1798,,,,,,,,,,,,,,,,,,,,,,,,,
Piggies ,@zane,6,1,1,17%,17%,0.753,0.760,,,,7223,,,,,,,,,,,,,,,,2522,,,,,,,,,,6508,,,2382,,,549,,,3510,,,,,,
Aces,@üöÄüìàüî• (@yaxel),15,10,10,67%,67%,1.033,1.053,7768,,,8099,,,6888,,,7130,,,6173,,,6748,,,3624,,,,7098,,,5215,,,4345,,,5962,,,6926,,,,3732,,,8416,,,6683
Aces,@berg_02,5,0,0,0%,0%,0.828,0.845,5085,,,,,,,,,,,,,,,,,,,,,,4333,,,3525,,,,,,,,,,,,,,,,7085,,,5660
Aces,@curtisjoneslover,3,0,0,0%,0%,0.809,0.826,4930,,,7263,,,,,,,,,4552,,,,,,,,,,,,,,,,,,,,,,,,,,,,,,,,
Aces,@grizzy,12,3,4,25%,33%,0.916,0.931,5053,,,6332,,,3222,,,10359,,,6577,,,7360,,,4125,,,,,,,,,,3125,,,,,,5820,,,,2883,,,7353,,,6950
Aces,@hoosier (Aces),4,2,3,50%,75%,0.915,0.945,,,,,,,,,,,,,,,,,,,,,,,,,,,,,,,,5789,,,5764,,,,4112,,,,,,4221
Aces,@kenny_wya,15,11,12,73%,80%,1.062,1.082,7452,,,8160,,,7192,,,9312,,,6634,,,7930,,,4562,,,,6336,,,4118,,,3907,,,6512,,,5275,,,,5041,,,7826,,,7151
Aces,@kumingaszn,6,1,1,17%,17%,0.839,0.847,,,,,,,,,,8155,,,7228,,,6156,,,,,,,,,,3648,,,,,,2668,,,,,,,,,,5780,,,
Aces,@lindors,1,0,0,0%,0%,0.477,0.495,,,,,,,,,,,,,,,,,,,,,,,,,,,,,,,,,,,,,,,,,,,,,3038
Aces,@mars_vibezz (Aces),6,3,3,50%,50%,0.975,0.999,4936,,,6343,,,5530,,,,,,,,,,,,4925,,,,7238,,,,,,5647,,,,,,,,,,,,,,,,
Aces,@sony_ (@sony),10,1,2,10%,20%,0.885,0.902,,,,,,,5424,,,8668,,,,,,6827,,,3323,,,,4710,,,4023,,,4336,,,5258,,,5472,,,,2622,,,,,,
Aces,@sotonyc,13,7,8,54%,62%,0.998,1.015,,,,8124,,,6660,,,9626,,,6610,,,7358,,,4232,,,,7437,,,4069,,,3193,,,3567,,,5783,,,,4065,,,7975,,,
Donuts,@abos,2,0,0,0%,0%,0.913,0.927,5781,,,7166,,,,,,,,,,,,,,,,,,,,,,,,,,,,,,,,,,,,,,,,,
Donuts,@bacotlover (@bacot),4,0,0,0%,0%,0.882,0.899,,,,,,,,,,,3162,,,,,,5433,,,,,,,7788,,,,,,,,,,,,5442,,,,,,,,,
Donuts,@bohm,15,6,7,40%,47%,0.986,1.000,6357,,,7529,,,,8443,,,5303,,,4916,,,6459,,,1886,,,,7578,,,4238,,,6262,,,4303,,,4154,,,3203,,,6135,,,8273
Donuts,@coby (Donuts),7,4,4,57%,57%,1.037,1.042,,,,,,,,,,,,,,,,,,,,,,,,,,,5685,,,7449,,,4867,,,6282,,,3327,,,5980,,,5667
Donuts,@flock.ravens (Donuts),3,1,1,33%,33%,0.977,0.994,,,,,,,,6990,,,3499,,,5638,,,,,,,,,,,,,,,,,,,,,,,,,,,,,,,
Donuts,@hutchinson,14,9,9,64%,64%,1.009,1.023,6327,,,7679,,,,7567,,,,,,5077,,,7368,,,3298,,,,9584,,,4720,,,6747,,,3241,,,4878,,,4164,,,7170,,,4805
Donuts,@poopybuttlover,10,3,5,30%,50%,0.881,0.895,6523,,,7653,,,,3762,,,3831,,,,,,6546,,,4305,,,,8386,,,,,,5540,,,,,,4250,,,,,,4161,,,
Donuts,@rhyne_,1,0,0,0%,0%,0.142,0.144,,,,,,,,,,,,,,,,,,,,,,,,,,,,,,,,,,,,,,,548,,,,,,
Donuts,@samismid,1,1,1,100%,100%,1.113,1.088,,,,,,,,,,,,,,,,,,,,,,,,,,,,,,,,,4641,,,,,,,,,,,,
Donuts,@skiseason,3,3,3,100%,100%,1.111,1.132,,,,,,,,,,,,,,5262,,,,,,,,,,,,,,,,,,,,,,,,,,,,7861,,,7713
Donuts,@tay (@ihatekarmagrinding),12,6,7,50%,58%,0.992,1.007,6035,,,7781,,,,7707,,,5096,,,4966,,,6454,,,3576,,,,,,,3580,,,4371,,,4132,,,,,,3755,,,,,,6744
Donuts,@trae_young,1,0,0,0%,0%,0.694,0.705,,,,,,,,,,,,,,,,,,,,,,,,5884,,,,,,,,,,,,,,,,,,,,,
Donuts,@winslowforprez,13,10,10,77%,77%,1.045,1.061,6799,,,,,,,7940,,,3591,,,5658,,,7373,,,3426,,,,9059,,,5322,,,5949,,,5938,,,6092,,,3158,,,,,,4059
Donuts,@yellow,4,2,2,50%,50%,0.999,0.998,,,,5899,,,,,,,,,,,,,,,,3865,,,,,,,4327,,,,,,,,,,,,,,,8302,,,
Heroes,@13allard,1,0,0,0%,0%,0.555,0.569,3641,,,,,,,,,,,,,,,,,,,,,,,,,,,,,,,,,,,,,,,,,,,,
Heroes,@cadewave (@ashton) (Heroes),5,1,1,20%,20%,0.946,0.965,,,,,,,,,,,,,,,,,,,,,,,,,,3519,,,,,,4983,,,6298,,,,,,,6925,,,6139
Heroes,@cookie,2,0,0,0%,0%,0.776,0.788,,,,,,,5090,,,,,,4715,,,,,,,,,,,,,,,,,,,,,,,,,,,,,,,,
Heroes,@crow.armstrong,10,5,6,50%,60%,1.016,1.046,,,,,,,6112,,,10252,,,6383,,,,,,5039,,,8642,,,,,,,3701,,,5741,,,,,,5399,,,,9043,,,4262
Heroes,@deshaun4prison (Heroes),2,1,2,50%,100%,1.052,1.068,6460,,,8459,,,,,,,,,,,,,,,,,,,,,,,,,,,,,,,,,,,,,,,,,
Heroes,@devonta (Heroes),2,1,1,50%,50%,1.042,1.059,7985,,,6797,,,,,,,,,,,,,,,,,,,,,,,,,,,,,,,,,,,,,,,,,
Heroes,@garland,13,5,4,38%,31%,0.953,0.977,7809,,,8188,,,5048,,,8279,,,6054,,,7037,,,4858,,,8879,,,,4192,,,2072,,,5179,,,5482,,,4826,,,,,,,
Heroes,@longganisa (@rich.brian) (Heroes),13,6,8,46%,62%,1.020,1.046,,,,,,,5879,,,9536,,,7462,,,6780,,,4545,,,10049,,,,3519,,,3607,,,5860,,,5826,,,5001,,,,7911,,,7016
Heroes,@marner (Heroes),9,5,6,56%,67%,1.009,1.044,,,,,,,,,,,,,,,,,,,4879,,,8976,,,,4485,,,4059,,,6530,,,6071,,,5212,,,,7306,,,5262
Heroes,@member98674 (@erndog) (Heroes),6,2,2,33%,33%,0.997,1.008,5922,,,10572,,,5649,,,6756,,,5870,,,8337,,,,,,,,,,,,,,,,,,,,,,,,,,,,,
Heroes,@morel (Heroes),6,3,3,50%,50%,1.038,1.066,,,,,,,5950,,,10455,,,7241,,,7008,,,4172,,,9003,,,,,,,,,,,,,,,,,,,,,,,
Heroes,@murray (Heroes),2,0,0,0%,0%,0.846,0.887,,,,,,,,,,,,,,,,,,,,,,,,,,,,,2873,,,,,,,,,,,,,,,,6045
Heroes,@ngasilver (@silver) (Heroes),1,0,0,0%,0%,0.594,0.598,,,,4528,,,,,,,,,,,,,,,,,,,,,,,,,,,,,,,,,,,,,,,,,
Heroes,@palmer (Heroes),2,0,0,0%,0%,0.812,0.813,,,,,,,,,,,,,,,,,,,,,,,,,,,,,,,,,,,,,,5453,,,,5052,,,
Heroes,@snivy,10,3,5,30%,50%,1.007,1.034,,,,6976,,,,,,,,,,,,9818,,,,,,8111,,,,3987,,,5671,,,5443,,,4429,,,7650,,,,6552,,,4879
Heroes,@zaccc,6,4,4,67%,67%,1.041,1.054,6619,,,,,,,,,8813,,,,,,7553,,,4287,,,,,,,4376,,,,,,,,,7499,,,,,,,,,,
Jammers,@üçÅ,1,1,1,100%,100%,1.180,1.144,,,,,,,,,,,,,,,,,,,,,,,,,,,5270,,,,,,,,,,,,,,,,,,
Jammers,@caustic,15,9,12,60%,80%,1.052,1.065,6400,,,,6723,,,7194,,,4360,,,4839,,,6654,,,,3168,,,9838,,,3759,,,6605,,,4839,,,6325,,,4368,,,7281,,,6017
Jammers,@cteszn,15,8,8,53%,53%,1.034,1.047,6386,,,,5399,,,7044,,,4394,,,5887,,,5811,,,,3438,,,9744,,,4838,,,6320,,,5051,,,5252,,,3783,,,7822,,,5705
Jammers,@dariusgarland (@dortch) (Jammers),4,0,0,0%,0%,0.835,0.826,,,,,,,,,,,,,,,,,,,,,,,,,,,3881,,,,,,3829,,,,,,2280,,,6642,,,
Jammers,@fun (Jammers),5,4,4,80%,80%,1.038,1.053,6865,,,,,,,9069,,,2559,,,,,,,,,,2896,,,8997,,,,,,,,,,,,,,,,,,,,,
Jammers,@gavinlub,2,1,1,50%,50%,1.009,1.041,,,,,,,,,,,,,,,,,6863,,,,,,,,,,,,,,,,,,,5198,,,,,,,,,
Jammers,@mccasual,14,6,6,43%,43%,0.989,1.004,6291,,,,5827,,,6699,,,4588,,,4739,,,7057,,,,2366,,,8501,,,,,,5829,,,4099,,,6065,,,2762,,,7001,,,6834
Jammers,@mlbelite (Jammers),1,0,1,0%,100%,0.967,1.003,,,,,,,,,,,,,,,,,,,,,,,,,,,,,,,,,,,,,,,,,,,,,6162
Jammers,@robertjr_ (@robertjr88),3,1,1,33%,33%,0.967,0.961,,,,,,,,,,,,,,,,,,,,,,,,,,,3802,,,5115,,,,,,,,,,,,8301,,,
Jammers,@sweat,13,9,9,69%,69%,1.074,1.092,6022,,,,6655,,,6689,,,6031,,,5667,,,7225,,,,2707,,,9102,,,,,,5250,,,4775,,,6172,,,3696,,,,,,7488
Jammers,@swouse,15,11,11,73%,73%,1.088,1.102,6639,,,,5918,,,7687,,,5421,,,5309,,,7280,,,,2938,,,8111,,,7003,,,6852,,,4845,,,5477,,,3561,,,7096,,,7336
Jammers,@thorpee,2,0,0,0%,0%,0.621,0.635,,,,,2720,,,,,,,,,3871,,,,,,,,,,,,,,,,,,,,,,,,,,,,,,,
Stimmers,@arttheclown_ (Stimmers),4,3,3,75%,75%,1.048,1.058,7050,,,9484,,,6335,,,7521,,,,,,,,,,,,,,,,,,,,,,,,,,,,,,,,,,,
Stimmers,@bigsnook (Stimmers),10,5,6,50%,60%,1.023,1.059,,,,,,,,,,,,,,,,7871,,,4244,,,10444,,,5161,,,,4492,,,4141,,,6910,,,6201,,,4996,,,,5763
Stimmers,@bruhmomment,1,0,0,0%,0%,0.542,0.562,,,,,,,,,,,,,,,,,,,,,,,,,,,,,,,,,,,,,,,,,,,,,3454
Stimmers,@chltown (Stimmers),8,1,1,13%,13%,0.804,0.836,,,,,,,,,,,,,6882,,,7217,,,3993,,,2917,,,4785,,,,3780,,,3943,,,5431,,,,,,,,,,
Stimmers,@dracula (@draculas) (Stimmers),5,1,1,20%,20%,0.832,0.838,,,,5061,,,5561,,,7312,,,6927,,,5637,,,,,,,,,,,,,,,,,,,,,,,,,,,,,
Stimmers,@.ravens (Stimmers),5,3,3,60%,60%,1.052,1.079,,,,,,,,,,,,,,,,,,,,,,,,,,,,,,,,5293,,,6348,,,6451,,,4884,,,,6911
Stimmers,@frylock (Stimmers),1,0,0,0%,0%,0.696,0.766,,,,,,,,,,,,,,,,,,,,,,6004,,,,,,,,,,,,,,,,,,,,,,,
Stimmers,@homeslice2,7,2,2,29%,29%,0.834,0.852,,,,4979,,,,,,7904,,,,,,,,,,,,,,,,,,,4622,,,4094,,,,,,6342,,,2863,,,,5042
Stimmers,@mpls (Stimmers),7,4,5,57%,71%,0.979,0.993,6592,,,7865,,,4952,,,,,,6708,,,8007,,,4493,,,,,,4909,,,,,,,,,,,,,,,,,,,,
Stimmers,@nael_abuasi (Stimmers),3,1,1,33%,33%,0.897,0.906,4643,,,,,,6911,,,7614,,,,,,,,,,,,,,,,,,,,,,,,,,,,,,,,,,,
Stimmers,@okorolover355 (@iouisss) (Stimmers),6,3,3,50%,50%,0.943,0.981,,,,,,,,,,,,,6927,,,7946,,,4984,,,7829,,,4239,,,,2917,,,,,,,,,,,,,,,,
Stimmers,@palmer (Stimmers),1,0,0,0%,0%,0.757,0.757,,,,,,,4630,,,,,,,,,,,,,,,,,,,,,,,,,,,,,,,,,,,,,,
Stimmers,@poolepartyjp3,12,6,7,50%,58%,1.015,1.044,,,,,,,7019,,,8403,,,6577,,,7691,,,4224,,,8669,,,5430,,,,3460,,,,,,6240,,,7131,,,4578,,,,6325
Stimmers,@relaxedp (Stimmers),7,3,4,43%,57%,1.028,1.075,,,,,,,,,,,,,,,,,,,3995,,,9373,,,4784,,,,4544,,,7251,,,5713,,,5192,,,,,,,
Stimmers,@robertjr,1,0,0,0%,0%,0.564,0.578,3698,,,,,,,,,,,,,,,,,,,,,,,,,,,,,,,,,,,,,,,,,,,,
Stimmers,@seahawkswoolen,3,0,1,0%,33%,0.878,0.885,,,,7596,,,,,,6732,,,,,,,,,,,,,,,,,,,,,,,,,,,,,,,4411,,,,
Stimmers,@spursszn_,1,0,0,0%,0%,0.902,0.926,5918,,,,,,,,,,,,,,,,,,,,,,,,,,,,,,,,,,,,,,,,,,,,
Stimmers,@tatum (Stimmers),1,0,0,0%,0%,0.784,0.808,,,,,,,,,,,,,5107,,,,,,,,,,,,,,,,,,,,,,,,,,,,,,,,
Stimmers,@toasty (Stimmers),5,0,0,0%,0%,0.893,0.916,,,,,,,,,,,,,,,,,,,,,,,,,,,,,,,,4729,,,5495,,,5161,,,4058,,,,5922
Stimmers,@tylrr (Stimmers),2,0,0,0%,0%,0.808,0.821,5456,,,6012,,,,,,,,,,,,,,,,,,,,,,,,,,,,,,,,,,,,,,,,,
Freaks,@ai (@sakina),15,7,7,47%,47%,0.960,0.969,,7757,,,4358,,,6730,,,4077,,,3252,,,,8187,,,2969,,,8701,,,5313,,,5979,,,2193,,,4909,,,4092,,,7184,,,5946
Freaks,@bennett,5,2,2,40%,40%,1.016,1.019,,5726,,,7805,,,,,,,,,,,,,,,,3416,,,7599,,,3374,,,,,,,,,,,,,,,,,,
Freaks,@bklyn,1,0,0,0%,0%,0.934,0.950,,,,,,,,,,,,,,,,,,,,,,,,,,,,,,,,,,,,5264,,,,,,,,,
Freaks,@bshumer1 (Freaks),3,0,0,0%,0%,0.802,0.810,,,,,,,,,,,3920,,,3761,,,,,,,1935,,,,,,,,,,,,,,,,,,,,,,,,
Freaks,@etan22,4,4,4,100%,100%,1.090,1.100,,7599,,,6067,,,7219,,,4590,,,,,,,,,,,,,,,,,,,,,,,,,,,,,,,,,,
Freaks,@ggs1,3,2,2,67%,67%,1.170,1.176,,,,,,,,,,,,,,,,,,9024,,,,,,,,,6943,,,5196,,,,,,,,,,,,,,,
Freaks,@mario (Freaks),10,7,7,70%,70%,1.028,1.042,,,,,,,,,,,,,,5534,,,,8667,,,2741,,,7114,,,,,,6512,,,4767,,,6164,,,3745,,,6668,,,6931
Freaks,@morel (Freaks),4,1,1,25%,25%,0.962,0.969,,,,,,,,,,,,,,,,,,,,,,,,,,,,,,,,,3654,,,,,,3248,,,7289,,,6794
Freaks,@norrispaul13 (Freaks),4,1,1,25%,25%,0.968,0.977,,7656,,,5350,,,6303,,,3310,,,,,,,,,,,,,,,,,,,,,,,,,,,,,,,,,,
Freaks,@supa,14,11,11,79%,79%,1.249,1.262,,8997,,,6675,,,9330,,,7155,,,6261,,,,7318,,,,,,9446,,,5503,,,5427,,,7150,,,6580,,,6396,,,10484,,,6134
Freaks,@vj,13,9,9,69%,69%,1.024,1.035,,5393,,,,,,6589,,,,,,3449,,,,7893,,,3365,,,9020,,,6105,,,6591,,,4616,,,6910,,,4019,,,6319,,,6630
Freaks,@york,14,9,10,64%,71%,1.068,1.079,,,,,6471,,,7976,,,4867,,,5474,,,,8280,,,2550,,,8805,,,4122,,,5852,,,5554,,,5562,,,4019,,,7222,,,7460
Minors,@adrimtl10,3,1,1,33%,33%,0.939,0.949,,,,,,,,,,8089,,,,,,,,,,,,,,,,,,7238,,,,,,,,,,,,,,,,7942,
Minors,@baty,11,6,6,55%,55%,0.965,0.984,,5535,,7896,,,5172,,,7489,,,5310,,,7971,,,4557,,,8919,,,6092,,,5549,,,,6569,,,,,,,,,,,,,
Minors,@bojack,10,3,4,30%,40%,0.888,0.899,,6513,,7447,,,7063,,,7598,,,5479,,,,,,,,,,,,3396,,,6175,,,,,,,,,,5804,,,4977,,,5205,
Minors,@braden_,11,2,2,18%,18%,0.859,0.880,,5369,,6918,,,,,,,,,5864,,,8983,,,2328,,,6688,,,,,,7456,,,,3097,,,5657,,,4478,,,,,,7011,
Minors,@burning (Minors),2,1,1,50%,50%,0.935,0.957,,,,,,,,,,,,,,,,,,,,,,,,,,,,,,,,,,,6074,,,,,,4154,,,,
Minors,@coby (Minors),7,6,6,86%,86%,1.079,1.105,,6297,,,,,6933,,,10262,,,7162,,,7121,,,5802,,,8657,,,,,,,,,,,,,,,,,,,,,,,
Minors,@darwin (@senga) (Minors),1,0,0,0%,0%,0.954,0.961,,,,7270,,,,,,,,,,,,,,,,,,,,,,,,,,,,,,,,,,,,,,,,,
Minors,@hardforbedard,8,4,4,50%,50%,0.935,0.959,,,,6888,,,6582,,,,,,,,,9111,,,,,,4833,,,,,,,,,,,,,6080,,,7056,,,3649,,,8146,
Minors,@max,15,11,11,73%,73%,1.040,1.062,,6003,,8629,,,4820,,,9567,,,6710,,,8188,,,4344,,,9296,,,6471,,,7033,,,,5766,,,6701,,,6261,,,5782,,,7970,
Minors,@pat (@paterik) (Minors),6,4,5,67%,83%,1.039,1.056,,,,,,,,,,,,,,,,,,,,,,,,,4470,,,6956,,,,5943,,,6288,,,5495,,,6233,,,,
Minors,@shenli,8,7,7,88%,88%,1.119,1.151,,,,,,,7734,,,9395,,,6744,,,7559,,,6305,,,9955,,,5992,,,,,,,5844,,,,,,,,,,,,,
Minors,@trylq,8,4,4,50%,50%,0.967,0.989,,3770,,,,,,,,,,,,,,,,,3802,,,,,,5712,,,,,,,5687,,,6011,,,5419,,,6966,,,8662,
Creamers,@cle (@deez),15,8,9,53%,60%,1.007,1.018,,6200,,,6051,,,7536,,,5016,,,,8975,,,7298,,,2171,,,8868,,,4829,,,5215,,,3582,,,5357,,,3732,,,7923,,9932,
Creamers,@glovee,7,6,6,86%,86%,1.060,1.074,,,,,,,,7722,,,4812,,,,9365,,,,,,,,,,,,,,,,,,4036,,,6307,,,,,,8165,,9482,
Creamers,@oldfriend99,11,6,8,55%,73%,1.026,1.036,,6530,,,6862,,,,,,,,,,9871,,,7565,,,3381,,,7811,,,5034,,,5069,,,3680,,,5626,,,3882,,,,,,
Creamers,@saquon,15,11,11,73%,73%,1.067,1.079,,5514,,,6193,,,8306,,,5153,,,,9382,,,8441,,,2542,,,8910,,,5250,,,6201,,,4791,,,5491,,,3744,,,8293,,9990,
Creamers,@sports6138,12,9,9,75%,75%,1.061,1.072,,6850,,,6531,,,6863,,,4868,,,,,,,7828,,,2603,,,8939,,,4384,,,6311,,,,,,,,,4997,,,7572,,10100,
Creamers,@verse,15,10,11,67%,73%,1.035,1.046,,6632,,,5812,,,8600,,,4954,,,,9595,,,7665,,,2929,,,8509,,,4270,,,5146,,,4146,,,5997,,,3863,,,7248,,9888,
Creamers,@znye,15,9,9,60%,60%,1.038,1.050,,6911,,,5889,,,8282,,,4091,,,,9776,,,8236,,,3013,,,9501,,,4424,,,5519,,,3449,,,5454,,,4070,,,7833,,9103,
Lean Team,@addison,6,1,1,17%,17%,0.887,0.894,,6704,,,4452,,,,,,,,5676,,,7234,,,,,,,,,3790,,,5929,,,,,,,,,,,,,,,,,
Lean Team,@bigk,15,9,10,60%,67%,1.006,1.031,,5693,,,5668,,5845,,,8405,,,6793,,,7298,,,4345,,,9159,,,5454,,,7646,,,6575,,,,6030,,,5561,,,5150,,,9715,
Lean Team,@cbd,12,6,7,50%,58%,0.982,1.005,,7562,,,3547,,6337,,,7474,,,,,,8077,,,,,,7473,,,5252,,,6556,,,7772,,,,,,,3259,,,5705,,,11297,
Lean Team,@dxvxn,15,13,13,87%,87%,1.102,1.130,,6902,,,6625,,6325,,,10976,,,5453,,,8337,,,4243,,,9507,,,5992,,,7960,,,7631,,,,6856,,,5880,,,5955,,,10227,
Lean Team,@emvpiid70,4,3,4,75%,100%,1.086,1.107,,,,,,,,,,,,,,,,,,,4898,,,,,,,,,,,,,,,,,,,6097,,,6433,,,9210,
Lean Team,@giannisisdaddy1,1,1,1,100%,100%,1.070,1.108,,,,,,,,,,,,,,,,,,,,,,,,,,,,,,,,,,,6331,,,,,,,,,,
Lean Team,@heatloyalist,9,1,1,11%,11%,0.782,0.801,,4404,,,4703,,5991,,,7952,,,5941,,,5516,,,4636,,,6004,,,,,,,,,,,,,1757,,,,,,,,,,
Lean Team,@pnwsavant,13,7,9,54%,69%,1.037,1.067,,,,,6258,,6079,,,6082,,,5691,,,,,,4613,,,10061,,,5291,,,8632,,,8543,,,,6950,,,5275,,,5268,,,9230,
Lean Team,@thelankygerman,13,10,10,77%,77%,1.094,1.123,,,,,,,7951,,,8290,,,5217,,,8578,,,5667,,,10142,,,5551,,,8637,,,5647,,,,6111,,,7316,,,5597,,,10357,
Lean Team,@townes,2,1,1,50%,50%,0.855,0.896,,7269,,,,,,,,,,,,,,,,,,,,,,,,,,,,,3828,,,,,,,,,,,,,,
Empire ,@bobsburgers,15,9,9,60%,60%,1.033,1.047,,6058,,,6134,,,6759,,,,2832,,,9945,,,8199,,,2781,,,9855,,,5777,,,6209,,,3661,,,6375,,,2992,,6334,,,7427,
Empire ,@etan_,3,1,1,33%,33%,0.948,0.959,,,,,4420,,,,,,,,,,,,,,,,,,,,,,,,,6444,,,,,,,,,3767,,,,,,
Empire ,@fullofopps,2,0,0,0%,0%,0.674,0.680,,4515,,,,,,,,,,1744,,,,,,,,,,,,,,,,,,,,,,,,,,,,,,,,,
Empire ,@happy,8,3,3,38%,38%,0.934,0.947,,,,,,,,,,,,3160,,,8592,,,8016,,,,,,,,,4683,,,,,,3478,,,4794,,,,,4336,,,8138,
Empire ,@jameswyo,11,2,3,18%,27%,0.899,0.912,,4342,,,5583,,,6221,,,,,,,9065,,,6572,,,2217,,,8539,,,4312,,,5129,,,,,,4685,,,,,,,,8256,
Empire ,@kodyblu31,12,6,6,50%,50%,0.973,0.986,,4862,,,5417,,,7613,,,,2384,,,,,,7437,,,2942,,,,,,,,,6031,,,2669,,,6663,,,3994,,4652,,,10095,
Empire ,@luhsean56,6,2,2,33%,33%,0.854,0.870,,,,,,,,5002,,,,,,,5477,,,6363,,,2379,,,9275,,,,,,,,,,,,,,,,,5622,,,,
Empire ,@sebas,14,10,10,71%,71%,1.052,1.067,,6116,,,7082,,,7705,,,,3516,,,7506,,,6126,,,,,,10019,,,3819,,,6631,,,4741,,,7439,,,4181,,5722,,,9579,
Empire ,@thereturnofzlo,13,7,8,54%,62%,1.006,1.019,,,,,5606,,,5453,,,,3015,,,8023,,,,,,4327,,,7203,,,4859,,,6267,,,6363,,,5823,,,4005,,5440,,,8566,
Empire ,@zim,6,2,2,33%,33%,0.975,0.974,,4700,,,,,,,,,,,,,,,,,,,2631,,,9326,,,4755,,,,,,3942,,,,,,3771,,,,,,
Outlaws,@clarke (@member704148),7,2,3,29%,43%,0.852,0.866,,,,,,,,7171,,,,,6679,,,3886,,,4554,,,,,,,,,,,,,,,,,,,4572,,,4935,,,7342,
Outlaws,@deshaun4prison (Outlaws),11,7,8,64%,73%,1.062,1.096,,,,,,,,7249,,9173,,,,,,,,,4425,,,9470,,,5347,,,7474,,,8043,,,5960,,,,5016,,,4279,,,10591,
Outlaws,@gaston,15,10,12,67%,80%,1.072,1.100,,8048,,,6729,,,8289,,10364,,,7162,,,6588,,,3260,,,9113,,,5286,,,6126,,,8153,,,5957,,,,5560,,,5615,,,9388,
Outlaws,@goodbyesosoon,9,5,5,56%,56%,1.047,1.071,,7505,,,4394,,,7706,,,,,5670,,,10375,,,,,,6212,,,,,,6129,,,,,,,,,,,,,5796,,,12181,
Outlaws,@itzneallol,15,6,6,40%,40%,0.904,0.928,,4568,,,4853,,,5556,,8878,,,5852,,,5826,,,5636,,,4927,,,5573,,,7899,,,8261,,,4211,,,,4782,,,5055,,,7253,
Outlaws,@lehkyforselke,13,7,8,54%,62%,1.025,1.052,,8216,,,6527,,,6903,,8282,,,7752,,,11002,,,4986,,,7748,,,5555,,,6995,,,6761,,,1404,,,,4061,,,,,,,
Outlaws,@longganisa (@rich.brian) (Outlaws),2,2,2,100%,100%,1.134,1.144,,7180,,,6249,,,,,,,,,,,,,,,,,,,,,,,,,,,,,,,,,,,,,,,,
Outlaws,@prove,14,6,6,43%,43%,0.956,0.982,,4591,,,5392,,,,,8436,,,7453,,,6231,,,4872,,,9213,,,3928,,,5953,,,6130,,,5610,,,,5647,,,4361,,,9562,
Outlaws,@ssuco,1,1,1,100%,100%,1.044,1.084,,,,,,,,,,,,,,,,,,,,,,,,,,,,,,,,,,4855,,,,,,,,,,,
Outlaws,@wood,3,1,1,33%,33%,0.901,0.936,,,,,,,,,,9235,,,,,,,,,,,,,,,4725,,,,,,4837,,,,,,,,,,,,,,
KOCK,@arttheclown_ (KOCK),12,11,11,92%,92%,1.093,1.106,,,,,,,,,,,,3412,,,10208,,,8314,,,2203,,,8523,,,5864,,,6603,,,4508,,,6350,,5806,,,5525,,,10259,
KOCK,@bg_15 (@adames) (KOCK),6,1,1,17%,17%,0.862,0.875,,,,,,,,,,,,2256,,,,,,,,,2629,,,6715,,,,,,,,,,,,,,4355,,,3914,,,9630,
KOCK,@bos,2,0,0,0%,0%,0.796,0.822,,4707,,,,,,,6379,,,,,,,,,,,,,,,,,,,,,,,,,,,,,,,,,,,,
KOCK,@croger,14,10,10,71%,71%,1.062,1.077,,6714,,,4727,,,,6979,,,3339,,,9560,,,7894,,,2487,,,9831,,,5850,,,5943,,,6061,,,6389,,5980,,,4414,,,,
KOCK,@devincooker,14,4,5,29%,36%,0.902,0.916,,6303,,,4420,,,,5970,,,2419,,,6979,,,6729,,,572,,,8098,,,5290,,,5388,,,4511,,,5969,,5215,,,,,,9299,
KOCK,@ederick2442,15,14,14,93%,93%,1.126,1.144,,7435,,,5328,,,,9773,,,3830,,,9235,,,8138,,,3110,,,8880,,,5682,,,7129,,,4640,,,6011,,5814,,,6375,,,10608,
KOCK,@fernando,12,4,4,33%,33%,0.941,0.954,,7161,,,,,,,6114,,,3374,,,7933,,,7782,,,2287,,,7742,,,4003,,,4960,,,3729,,,5221,,5989,,,,,,,
KOCK,@kyleteel,1,1,1,100%,100%,1.147,1.159,,,,,,,,,,,,,,,,,,,,,,,,,,,,,,,,,,,,,,,,,5762,,,,
KOCK,@marte,2,0,0,0%,0%,0.741,0.760,,,,,,,,,,,,,,,,,,,,,,,,,,,,,,,,,,,,3695,,,,,,,,7471,
KOCK,@ow3n1,2,0,0,0%,0%,0.858,0.890,,,,,5200,,,,6274,,,,,,,,,,,,,,,,,,,,,,,,,,,,,,,,,,,,
KOCK,@rockymountain (@mrwashed),8,1,1,13%,13%,0.759,0.768,,,,,5006,,,,,,,,,,8010,,,4056,,,,,,,,,5384,,,4836,,,3124,,,,,,,,1440,,,7010,
KOCK,@trevq3 (KOCK),2,0,0,0%,0%,0.957,0.966,,5999,,,5335,,,,,,,,,,,,,,,,,,,,,,,,,,,,,,,,,,,,,,,,
Gamblers,@dex,6,3,3,50%,50%,0.967,0.971,,6206,,,3889,,,,,,,,,,,9129,,,3227,,,,,,,,,6203,,,,,,,,,,,,,5934,,,,
Gamblers,@dogger,2,1,2,50%,100%,1.029,1.039,,,,,,,,7120,,,4735,,,,,,,,,,,,,,,,,,,,,,,,,,,,,,,,,,
Gamblers,@doggy,15,9,10,60%,67%,1.012,1.040,,6855,,,5535,,,8261,,,4025,,6171,,,6813,,,4565,,,8347,,,5551,,,7349,,,6956,,,4986,,,3101,,,,3949,,,9912,
Gamblers,@michael.carter.ll,11,7,8,64%,73%,1.089,1.128,,5950,,,6765,,,,,,2693,,5770,,,,,,,,,9773,,,5338,,,,,,7825,,,5749,,,4168,,,,5889,,,11013,
Gamblers,@nyc,15,8,7,53%,47%,0.922,0.947,,5409,,,6232,,,5033,,,4563,,6960,,,5659,,,2974,,,5639,,,4533,,,6648,,,7320,,,5056,,,3013,,,,4899,,,10171,
Gamblers,@rzk__ (@rzk) (Gamblers),14,9,10,64%,71%,1.100,1.131,,,,,6700,,,8783,,,4740,,5557,,,7254,,,5333,,,8276,,,4418,,,8436,,,7976,,,5688,,,2417,,,,6960,,,11015,
Gamblers,@shabddd,13,3,6,23%,46%,0.967,0.997,,5558,,,,,,5587,,,,,5815,,,7658,,,5318,,,7420,,,6001,,,6327,,,6555,,,4561,,,4352,,,,4154,,,9345,
Gamblers,@_turner,14,5,7,36%,50%,0.977,1.004,,7858,,,5607,,,5431,,,3983,,8114,,,7075,,,4566,,,8331,,,4767,,,7111,,,4787,,,4305,,,2048,,,,,,,10232,
Voyage ,@anthonyedwardsisgood,3,0,0,0%,0%,0.894,0.903,,,,,,,,,,,,,,,,,,,,,,,,,,,,,,,,,3802,,5586,,,,,,4120,,,,
Voyage ,@bmannn (Voyage),1,1,1,100%,100%,1.488,1.488,,,,,,,,,,,,,,,,,,,,,4021,,,,,,,,,,,,,,,,,,,,,,,,
Voyage ,@dracula (@draculas) (Voyage),5,0,1,0%,20%,0.911,0.918,,,,,,,,,,,,,,,,,,6586,,,2610,,,7949,,,3616,,,5914,,,,,,,,,,,,,,,
Voyage ,@frylock (Voyage),4,0,0,0%,0%,0.752,0.756,,5256,,,,3308,,,,,,2370,,,6152,,,,,,,,,,,,,,,,,,,,,,,,,,,,,,
Voyage ,@glo (@cywebb or 10 other usernames),14,1,3,7%,21%,0.858,0.870,,7480,,,,3978,,,5028,,,1532,,,6755,,,5246,,,1628,,,8390,,,4451,,,,,,3915,,5783,,,5425,,,4605,,,7725,
Voyage ,@huts,15,8,8,53%,53%,0.988,1.002,,4426,,,,4942,,,6575,,,2415,,,7054,,,7854,,,4199,,,7967,,,4995,,,5661,,,5165,,5982,,,5621,,,4791,,,11083,
Voyage ,@justakidfromakron23 (Voyage),7,0,0,0%,0%,0.821,0.836,,5970,,,,4389,,,5693,,,2410,,,6391,,,6958,,,,,,6486,,,,,,,,,,,,,,,,,,,,,
Voyage ,@knightnate12 (Voyage),7,3,3,43%,43%,0.958,0.967,,,,,,,,,,,,,,,,,,,,,,,,,,,4337,,,7253,,,5133,,5017,,,3978,,,5155,,,7882,
Voyage ,@mpls (Voyage),3,0,1,0%,33%,0.770,0.784,,,,,,,,,,,,,,,,,,,,,,,,,,,,,,,,,,,,,,3774,,,2227,,,9380,
Voyage ,@relaxedp (Voyage),1,1,1,100%,100%,1.164,1.198,,,,,,,,,,,,,,,10323,,,,,,,,,,,,,,,,,,,,,,,,,,,,,,
Voyage ,@sammy (@sammybammy) (Voyage),6,2,2,33%,33%,0.830,0.838,,,,,,,,,,,,,,,,,,,,,,,,,,,3616,,,4993,,,3978,,-192,,,5537,,,,,,11493,
Voyage ,@shot (Voyage),3,0,0,0%,0%,0.849,0.860,,5249,,,,3159,,,7295,,,,,,,,,,,,,,,,,,,,,,,,,,,,,,,,,,,,
Voyage ,@toasty (Voyage),5,0,0,0%,0%,0.831,0.837,,,,,,4564,,,6270,,,2036,,,,,,,,,,,,,,,4186,,,4377,,,,,,,,,,,,,,,
Voyage ,@twistex,13,2,3,15%,23%,0.872,0.890,,4821,,,,,,,6417,,,3139,,,5711,,,7740,,,2699,,,6559,,,,,,5058,,,3719,,5516,,,5494,,,4646,,,8924,
Voyage ,@xxyn (Voyage),3,0,1,0%,33%,0.938,0.953,,,,,,,,,,,,,,,,,,7689,,,1810,,,8197,,,,,,,,,,,,,,,,,,,,,
Penguins,@bg_15 (@adames) (Penguins),2,0,0,0%,0%,0.965,0.965,,6036,,,,,,,,,4113,,,,,,,,,,,,,,,,,,,,,,,,,,,,,,,,,,
Penguins,@cjstroud777,2,0,0,0%,0%,0.708,0.726,,,,,,,,,,,,,,,,,,,,,,,,,,,,,,,,,,,,,,,,2589,,,,6349,
Penguins,@codybellinger,7,1,1,14%,14%,0.861,0.877,,,,,,,,6191,,,3510,,,,,6440,,,,,,,,,,,,5943,,,4912,,,,,,,,,4523,,,,7446,
Penguins,@floyd (Penguins),1,0,0,0%,0%,0.379,0.384,,,,,,,,,,,,,,,,,,,,,,,,,,,,,,,,,,,,,976,,,,,,,,
Penguins,@khys9575 (Penguins),8,4,4,50%,50%,1.002,1.027,,6884,,,4659,,,6722,,,3212,,,4510,,8818,,,4560,,,9948,,,,,,,,,,,,,,,,,,,,,,,
Penguins,@ngasilver (@silver) (Penguins),3,0,0,0%,0%,0.324,0.343,,,,,,,,,,,,,,,,,,,,,,,,,,,,,,,1446,,,2096,,,999,,,,,,,,
Penguins,@owens (@owencooks),10,3,3,30%,30%,0.653,0.671,,,,,,,,,,,,,,2625,,9131,,,2810,,,1710,,,5785,,,3814,,,,,,3470,,,2918,,,1158,,,,4267,
Penguins,@rzk__ (@rzk) (Penguins),1,1,1,100%,100%,1.093,1.100,,6781,,,,,,,,,,,,,,,,,,,,,,,,,,,,,,,,,,,,,,,,,,,
Penguins,@scottie,14,8,8,57%,57%,1.017,1.047,,,,,5423,,,7289,,,4721,,,5476,,7200,,,5289,,,7216,,,6997,,,5874,,,7488,,,5230,,,2233,,,2829,,,,9783,
Penguins,@turbo,1,0,0,0%,0%,0.719,0.728,,,,,4056,,,,,,,,,,,,,,,,,,,,,,,,,,,,,,,,,,,,,,,,
Penguins,@vincent_,6,3,4,50%,67%,1.019,1.052,,,,,4144,,,7992,,,,,,,,10312,,,3826,,,8097,,,5505,,,,,,,,,,,,,,,,,,,,
Penguins,@washedkarmagrinder (@zero),11,6,6,55%,55%,0.924,0.958,,2515,,,,,,,,,,,,6624,,,,,3511,,,5963,,,7339,,,8673,,,3182,,,3929,,,3064,,,3633,,,,9782,
Penguins,@zik,15,8,9,53%,60%,0.990,1.017,,6755,,,3436,,,7541,,,4123,,,5303,,10488,,,4456,,,8670,,,6277,,,5391,,,5550,,,5134,,,3111,,,2708,,,,8021,
Penguins,@zupacam,9,6,6,67%,67%,0.958,0.980,,7140,,,6054,,,7572,,,3080,,,5659,,,,,,,,,,,3197,,,6956,,,5068,,,4915,,,,,,,,,,,
Diabetics,@canada,2,2,2,100%,100%,1.119,1.124,,,11256,,,5759,,,,,,,,,,,,,,,,,,,,,,,,,,,,,,,,,,,,,,,
Diabetics,@chittum,15,12,13,80%,87%,1.150,1.172,,,11694,,,5756,,,10141,,,3199,,,9947,,,9385,,,3093,,,8449,,,4400,,,5490,,6763,,,8379,,,6045,,,6287,,,10950,
Diabetics,@etienne,15,14,14,93%,93%,1.134,1.155,,,12353,,,4974,,,10083,,,3154,,,10054,,,8994,,,3124,,,7834,,,5049,,,6678,,7132,,,7707,,,5644,,,6011,,,9666,
Diabetics,@gingy,7,3,3,43%,43%,0.917,0.943,,,12028,,,,,,8661,,,3492,,,6391,,,,,,,,,7189,,,,,,,,,,,3831,,,,,,4000,,,,
Diabetics,@joelembiid,14,6,6,43%,43%,1.010,1.030,,,10346,,,4463,,,9552,,,4783,,,8072,,,8331,,,1912,,,,,,4258,,,5602,,4253,,,6591,,,6332,,,5469,,,8099,
Diabetics,@jonah,15,10,9,67%,60%,1.041,1.061,,,10764,,,4611,,,8280,,,2447,,,9440,,,8307,,,3232,,,8195,,,3985,,,6732,,5285,,,5353,,,6126,,,6533,,,10279,
Diabetics,@mrdawson,10,9,9,90%,90%,1.106,1.124,,,,,,,,,,,,,,,,,,8332,,,3654,,,9268,,,4625,,,6997,,6418,,,3416,,,6133,,,5823,,,12510,
Diabetics,@pritchard,4,2,2,50%,50%,1.048,1.063,,,,,,,,,,,,,,,,,,7499,,,2609,,,9029,,,,,,,,,,,,,,6425,,,,,,,
Diabetics,@zo_glasses (@grounded),8,2,2,25%,25%,0.883,0.899,,,,,,4189,,,8295,,,3808,,,7422,,,,,,,,,,,,3345,,,4003,,4526,,,,,,,,,,,,8253,
Hornets,@bmannn (Hornets),6,3,4,50%,67%,1.006,1.033,,,11320,,5766,,,6784,,,,,,4560,,,6680,,4448,,,,,,,,,,,,,,,,,,,,,,,,,,
Hornets,@cyl (Hornets),8,6,6,75%,75%,0.910,0.953,,,,,,,,,,,,,,,,,,,,,,8797,,,5815,,,6632,,,1031,,,4742,,,2712,,,3441,,,4723,,
Hornets,@devonta (Hornets),1,1,1,100%,100%,1.059,1.165,,,,,,,,,,,,,,,,,,,,,,9138,,,,,,,,,,,,,,,,,,,,,,,
Hornets,@drakelistener,2,0,0,0%,0%,0.939,0.961,,,,,,,,,,,4247,,,,,,5740,,,,,,,,,,,,,,,,,,,,,,,,,,,,
Hornets,@hoosier (Hornets),3,0,0,0%,0%,0.574,0.598,,,,,,,,,,,,,,,,,,,,,,1973,,,3884,,,5999,,,,,,,,,,,,,,,,,
Hornets,@jensive,6,1,1,17%,17%,0.509,0.525,,,10647,,,,,,,,,,,3175,,,,,3036,,,,,,,,,2027,,,533,,,40,,,,,,,,,,,
Hornets,@joeburrow,1,0,0,0%,0%,0.273,0.289,,,,,,,,,,,,,,,,,,,,,,,,,,,,,,,,,,,,,,,,,,,1032,,
Hornets,@justakidfromakron23 (Hornets),7,0,0,0%,0%,0.813,0.841,,,,,,,,,,,,,,,,,,,,,,,,,3653,,,5793,,,4757,,,4342,,,2288,,,2573,,,3437,,
Hornets,@knightnate12 (Hornets),7,1,3,14%,43%,0.931,0.966,,,10524,,,,,6343,,,5145,,,4368,,,5022,,3664,,,8334,,,,,,,,,,,,,,,,,,,,,,,
Hornets,@lewis,6,0,0,0%,0%,0.678,0.711,,,,,,,,,,,,,,,,,,,,,,6253,,,,,,6224,,,3017,,,3307,,,1261,,,1951,,,,,
Hornets,@mars_vibezz (Hornets),3,0,0,0%,0%,0.839,0.866,,,,,,,,,,,,,,,,,,,,,,,,,,,,,,,,,,,,,2316,,,2453,,,3247,,
Hornets,@masdog2222 (Hornets),5,4,4,80%,80%,1.100,1.124,,,,,6223,,,8894,,,2433,,,6313,,,7429,,,,,,,,,,,,,,,,,,,,,,,,,,,,
Hornets,@mattyice,1,0,0,0%,0%,0.117,0.120,,,,,,,,,,,,,,,,,,,,,,,,,630,,,,,,,,,,,,,,,,,,,,
Hornets,@murray (Hornets),3,1,2,33%,67%,0.912,0.956,,,8786,,6007,,,,,,,,,,,,,,,,,7935,,,,,,,,,,,,,,,,,,,,,,,
Hornets,@okorolover355 (@iouisss) (Hornets),4,0,0,0%,0%,0.756,0.768,,,8759,,5226,,,4810,,,2216,,,,,,,,,,,,,,,,,,,,,,,,,,,,,,,,,,
Hornets,@sasser (Hornets),5,2,2,40%,40%,0.969,0.985,,,,,5213,,,7821,,,5487,,,4164,,,,,3170,,,,,,,,,,,,,,,,,,,,,,,,,,
Hornets,@smart,2,1,1,50%,50%,1.061,1.099,,,,,,,,,,,,,,,,,7651,,3875,,,,,,,,,,,,,,,,,,,,,,,,,,
Hornets,@trevq3 (Hornets),3,0,0,0%,0%,0.824,0.870,,,,,,,,,,,,,,,,,,,,,,,,,4843,,,,,,5117,,,3904,,,,,,,,,,,
Hornets,@tsukiko,7,1,2,14%,29%,0.714,0.738,,,,,,,,,,,,,,,,,,,,,,,,,2740,,,5155,,,2894,,,3457,,,2837,,,3158,,,3319,,
Hornets,@xxyn (Hornets),3,2,3,67%,100%,1.032,1.066,,,,,,,,,,,,,,,,,,,,,,,,,,,,,,,,,,,,,2733,,,3358,,,3772,,
Hornets,@zayo,7,5,5,71%,71%,1.057,1.081,,,12367,,6391,,,7809,,,3424,,,4631,,,6510,,4984,,,,,,,,,,,,,,,,,,,,,,,,,,
MLB,@aiden0220,14,8,8,57%,57%,1.021,1.041,,,11865,,,6110,,,,,,3774,,,7647,,,7423,,,2171,,,9286,,,4123,,4619,,,5717,,,5479,,,4823,,,5252,,3929,,
MLB,@croatia,4,0,0,0%,0%,0.864,0.873,,,,,,,,,,,,,,,,,,,,,2650,,,6986,,,3769,,,,,,,,,,,,,,,,3380,,
MLB,@dane,12,5,5,42%,42%,0.887,0.910,,,8216,,,,,,8556,,,3103,,,9554,,,6110,,,560,,,8143,,,3829,,1997,,,5998,,,6931,,,,,,2985,,,,
MLB,@dillon,12,7,7,58%,58%,0.986,1.010,,,8321,,,3895,,,8460,,,4441,,,8373,,,8058,,,1919,,,,,,,,4681,,,6030,,,6116,,,5567,,,4656,,,,
MLB,@kane,13,7,11,54%,85%,1.041,1.062,,,,,,5443,,,6486,,,3084,,,8652,,,,,,2056,,,9238,,,5315,,5031,,,6318,,,5850,,,6088,,,5468,,3699,,
MLB,@marner (MLB),5,2,2,40%,40%,1.006,1.028,,,,,,4193,,,9560,,,2499,,,8998,,,6903,,,,,,,,,,,,,,,,,,,,,,,,,,,
MLB,@maxp (MLB),6,1,2,17%,33%,0.982,1.001,,,,,,,,,,,,,,,,,,,,,,,,,,,6013,,3496,,,4787,,,5801,,,5442,,,4575,,,,
MLB,@richer,7,0,0,0%,0%,0.677,0.695,,,,,,,,,6068,,,,,,,,,,,,,,,7871,,,2691,,,,,3989,,,3835,,,,,,2756,,546,,
MLB,@sossboy_,7,1,1,14%,14%,0.639,0.655,,,6757,,,1439,,,4697,,,,,,,,,,,,,,,6408,,,,,289,,,,,,,,,6620,,,,,2459,,
MLB,@ukator,8,2,2,25%,25%,0.762,0.776,,,2882,,,5586,,,,,,2839,,,8473,,,5822,,,1436,,,,,,,,,,,,,,,,,4788,,,,,3897,,
MLB,@zooch5,2,0,0,0%,0%,0.839,0.861,,,9950,,,,,,,,,,,,,,,5442,,,,,,,,,,,,,,,,,,,,,,,,,,,
Gravediggers,@anonymoususer,7,2,3,29%,43%,0.682,0.706,,,10460,,,2117,,3432,,,,,,,,,4733,,,,,1111,,,,,,,,,,,,,,,2782,,,,,,5160,,
Gravediggers,@arthurmorgan,14,11,11,79%,79%,1.154,1.190,,,12551,,,8062,,9434,,,5824,,,6407,,,6403,,,3148,,9876,,,6658,,,6427,,,6803,,,4125,,,2000,,,3233,,,,,
Gravediggers,@aunt (Gravediggers),1,1,1,100%,100%,1.117,1.135,,,,,,,,,,,,,,,,,,,,,,,,,,,,,,,,,,,,,,,,3568,,,,,
Gravediggers,@cry,15,11,13,73%,87%,1.091,1.126,,,11633,,,5251,,8272,,,4011,,,6198,,,5382,,,2904,,8551,,,7445,,,7241,,,6911,,,5429,,,2746,,,3745,,,4371,,
Gravediggers,@davidv03,9,7,6,78%,67%,1.034,1.052,,,8194,,,4959,,,,,4348,,,,,,7091,,,3268,,,,,6645,,,6261,,,,,,5650,,,,,,,,,4467,,
Gravediggers,@derrickwhitetop5,6,3,4,50%,67%,0.889,0.926,,,,,,5905,,,,,4354,,,4154,,,,,,,,4983,,,,,,,,,6249,,,,,,2653,,,,,,,,
Gravediggers,@justinjefferson,3,2,2,67%,67%,1.071,1.092,,,,,,,,,,,,,,,,,,,,,,,,,,,,7454,,,,,,4070,,,,,,,,,4626,,
Gravediggers,@kevin,9,6,7,67%,78%,1.060,1.093,,,10638,,,,,6448,,,5275,,,5001,,,8014,,,,,9847,,,4255,,,7745,,,,,,,,,,,,3538,,,,,
Gravediggers,@_ln4_,5,4,5,80%,100%,1.115,1.157,,,,,,5154,,,,,,,,,,,,,,4070,,,,,,,,,,,6763,,,5098,,,,,,,,,4207,,
Gravediggers,@markjackson,8,3,4,38%,50%,0.954,0.987,,,9858,,,,,3707,,,,,,3866,,,,,,2495,,,,,7289,,,,,,8008,,,,,,2565,,,3855,,,,,
Gravediggers,@tw0 (@kyriereact) (Gravediggers),13,12,12,92%,92%,1.213,1.260,,,,,,,,6530,,,6682,,,6728,,,7179,,,3039,,10528,,,6609,,,8021,,,7725,,,6663,,,3430,,,3873,,,4693,,
Horses ,@cartercrash (Horses),5,3,3,60%,60%,1.064,1.089,,,,,,,,,,,,,,,,,,,,,,,,,,3388,,,3893,,,,,,6173,,,6718,,4265,,,,,
Horses ,@chris,15,10,10,67%,67%,1.118,1.145,,,13199,,,9207,,,8589,,,3752,,,10462,,,8229,,,1328,,,10356,,3702,,,4664,,,5633,,,3757,,,5267,,2161,,,5937,,
Horses ,@corsic,5,2,3,40%,60%,1.013,1.056,,,,,,,,,,,,,,,,,,,,,,,,,,,,,3334,,,5392,,,5612,,,,,3867,,,4741,,
Horses ,@herro,1,0,0,0%,0%,0.337,0.339,,,,,,,,,,,,,,,,,,,,,,,,,,,,,,,,,,,,,,1857,,,,,,,
Horses ,@ice,10,7,8,70%,80%,1.112,1.133,,,12242,,,7539,,,8652,,,3711,,,9242,,,7623,,,3398,,,7588,,3815,,,,,,,,,,,,,,4196,,,,,
Horses ,@kinnick,15,10,12,67%,80%,1.103,1.129,,,13392,,,6675,,,7700,,,2431,,,9495,,,8433,,,3424,,,8363,,4551,,,3199,,,6071,,,6384,,,5378,,4025,,,5432,,
Horses ,@montolio,2,0,0,0%,0%,0.577,0.600,,,,,,,,,,,,,,,,,,,,,,,,,,,,,,,,,,,,,,,,2304,,,1724,,
Horses ,@papacoop,14,7,8,50%,57%,1.040,1.065,,,14748,,,7240,,,6733,,,3517,,,9089,,,7618,,,2614,,,8643,,5145,,,3424,,,5331,,,2988,,,4455,,,,,4669,,
Horses ,@salty,13,4,6,31%,46%,0.937,0.958,,,9430,,,6420,,,6903,,,3714,,,8464,,,7651,,,2962,,,6120,,3938,,,,,,5523,,,3990,,,4228,,,,,4416,,
Horses ,@skibidinga,1,1,1,100%,100%,1.104,1.144,,,,,,,,,,,,,,,,,,,,,,,,,,,,,,,,6162,,,,,,,,,,,,,
Horses ,@skinnover,1,1,1,100%,100%,1.183,1.258,,,,,,,,,,,,,,,,,,,,,,,,,,,,,4929,,,,,,,,,,,,,,,,
Horses ,@xo,8,3,3,38%,38%,0.931,0.950,,,8884,,,5429,,,7215,,,4168,,,7299,,,7380,,,3006,,,6671,,,,,,,,,,,,,,,,,,,,,
Otters,@crqmer,10,3,3,30%,30%,0.935,0.967,,,10759,,,,,,5185,,5897,,,3789,,,5273,,,,,,,,4961,,,7780,,,5917,,,,,,2283,,,,,,3482,,
Otters,@josephmazzulla,4,0,0,0%,0%,0.760,0.777,,,,,,,,,,,3880,,,2682,,,,,,2672,,,,,4138,,,,,,,,,,,,,,,,,,,,
Otters,@lukamodric,15,8,8,53%,53%,0.991,1.021,,,9075,,,3849,,,6431,,3810,,,5141,,,7713,,,3096,,,7045,,6499,,,5959,,,7265,,,5003,,,2247,,,3123,,,3988,,
Otters,@maxp (Otters),7,5,4,71%,57%,1.041,1.066,,,9901,,,4570,,,8286,,5040,,,5415,,,7798,,,2142,,,,,,,,,,,,,,,,,,,,,,,,,
Otters,@member98674 (@erndog) (Otters),7,4,5,57%,71%,1.087,1.127,,,,,,,,,,,,,,,,,,,,,,,6325,,,,,9360,,,5427,,,4970,,,2464,,,4034,,,4510,,
Otters,@notkiddo,12,9,9,75%,75%,1.046,1.078,,,11845,,,4670,,,8066,,5058,,,4880,,,7142,,,2915,,,6907,,4116,,,7489,,,7599,,,,,,,,,,,,3121,,
Otters,@novo,7,3,3,43%,43%,0.951,0.981,,,11092,,,,,,8400,,,,,,,,5875,,,,,,5368,,,,,5678,,,,,,3498,,,,,,3533,,,,,
Otters,@panarin,4,2,2,50%,50%,0.973,0.975,,,,,,3548,,,,,,,,,,,,,,,,,,,4407,,,,,,,,,,,,2833,,,4519,,,,,
Otters,@psyklone,11,8,8,73%,73%,1.074,1.104,,,,,,5242,,,,,,,,5479,,,,,,4136,,,5339,,5420,,,6630,,,8116,,,5746,,,3101,,,2817,,,3800,,
Otters,@therealbenshelton,1,0,0,0%,0%,0.462,0.480,,,,,,,,,,,,,,,,,,,,,,,,,,,,,,,,,,2148,,,,,,,,,,,
Otters,@trickyy,12,3,7,25%,58%,0.922,0.954,,,11261,,,3830,,,7337,,2412,,,,,,5131,,,2826,,,5097,,,,,,,,7586,,,4736,,,1904,,,3154,,,3722,,
Demons,@bruins,12,10,11,83%,92%,1.110,1.140,,,12157,,,5278,,,8975,,,2725,,,,,,7655,,,2931,,6880,,,,,,,,,5970,,,7411,,3212,,,3386,,,4419,,
Demons,@cyl (Demons),1,0,0,0%,0%,0.889,0.913,,,9461,,,,,,,,,,,,,,,,,,,,,,,,,,,,,,,,,,,,,,,,,,
Demons,@dawgsnation (Demons),2,0,1,0%,50%,0.885,0.923,,,,,,,,,,,,,,,,,,,,,,,,,,,,,4058,,,,,,,,,,,2457,,,,,
Demons,@dugz (Demons),4,4,4,100%,100%,1.135,1.186,,,,,,,,,,,,,,,,,,,,,,,,,,,,,4384,,,,,,6569,,,,,4069,,,4352,,
Demons,@four,10,8,8,80%,80%,1.131,1.158,,,12132,,,5711,,,8278,,,2918,,,9312,,,,,,3656,,7660,,,4621,,,,,,,,,,,2502,,,,,,4999,,
Demons,@jjettaz,3,2,2,67%,67%,1.056,1.100,,,,,,,,,6851,,,,,,,,,,,,,,,,,5434,,,4693,,,,,,,,,,,,,,,,
Demons,@joshminottenjoyer (Demons),6,2,2,33%,33%,0.934,0.948,,,9700,,,3148,,,,,,4051,,,9062,,,6924,,,2185,,,,,,,,,,,,,,,,,,,,,,,,
Demons,@nick_ (@virgil),9,7,7,78%,78%,1.084,1.122,,,,,,,,,8136,,,,,,11546,,,7699,,,,,7251,,,5112,,,3825,,,5989,,,6506,,1621,,,,,,,,
Demons,@o3wn,14,6,8,43%,57%,1.003,1.028,,,10924,,,4341,,,8110,,,2659,,,8717,,,7312,,,2596,,,,,4264,,,3426,,,6322,,,6329,,3444,,,2689,,,3740,,
Demons,@otf,12,8,8,67%,67%,1.036,1.060,,,9481,,,4086,,,,,,3784,,,10474,,,8108,,,3383,,7070,,,3967,,,,,,5835,,,4876,,,,,3581,,,4504,,
Demons,@sammy (@sammybammy) (Demons),1,0,0,0%,0%,0.752,0.787,,,,,,,,,,,,,,,,,,,,,,,4890,,,,,,,,,,,,,,,,,,,,,,
Demons,@tatum (Demons),2,0,0,0%,0%,0.810,0.832,,,,,,,,,,,,,,,,,,,,,,,,,,,,,,,,5094,,,,,1507,,,,,,,,
Demons,@tralogik,14,12,12,86%,86%,1.148,1.180,,,,,,5846,,,5324,,,4096,,,10937,,,9403,,,3591,,6878,,,5416,,,5025,,,4405,,,7558,,3266,,,3799,,,5467,,
Flags,@bengalsw (Flags),3,1,1,33%,33%,0.659,0.682,,,,,,,,,,,,3171,,2151,,,,,,,,,4274,,,,,,,,,,,,,,,,,,,,,,
Flags,@bent,5,3,3,60%,60%,1.004,1.055,,,,,,,,,,,,,,,,,,,,,,,,,,,,,,,8330,,,5766,,,2867,,,3101,,,990,,
Flags,@bigsnook (Flags),5,3,3,60%,60%,1.020,1.043,,,8828,,,3879,,,10499,,,3144,,5267,,,,,,,,,,,,,,,,,,,,,,,,,,,,,,,
Flags,@burning (Flags),7,0,0,0%,0%,0.705,0.721,,,,,,,,,,,,964,,3062,,,4793,,,2141,,,4765,,,2619,,6063,,,,,,,,,,,,,,,,,
Flags,@chltown (Flags),2,1,1,50%,50%,0.891,0.906,,,,,,6008,,,4954,,,,,,,,,,,,,,,,,,,,,,,,,,,,,,,,,,,,
Flags,@ejwise (Flags),2,0,0,0%,0%,0.954,0.958,,,10147,,,4361,,,,,,,,,,,,,,,,,,,,,,,,,,,,,,,,,,,,,,,
Flags,@gradyt06 (Flags),2,1,1,50%,50%,1.033,1.050,,,,,,4245,,,8461,,,,,,,,,,,,,,,,,,,,,,,,,,,,,,,,,,,,
Flags,@j417 (Flags),10,1,1,10%,10%,0.766,0.795,,,,,,,,,5544,,,2988,,4984,,,5660,,,1737,,,4888,,,3143,,5181,,,4394,,,,,,,,,,,,1990,,
Flags,@jayson,3,0,0,0%,0%,0.557,0.573,,,7030,,,,,,,,,2847,,550,,,,,,,,,,,,,,,,,,,,,,,,,,,,,,,
Flags,@kanginator,4,1,1,25%,25%,0.903,0.948,,,,,,,,,,,,,,,,,,,,,,,,,,,,,,,7610,,,3361,,,2038,,,2516,,,,,
Flags,@liljon (@jaccags),12,3,4,25%,33%,0.924,0.957,,,8649,,,,,,6879,,,,,,,,5490,,,2833,,,5911,,,4996,,7815,,,7224,,,3272,,,2508,,,2468,,,2856,,
Flags,@nael_abuasi (Flags),6,0,0,0%,0%,0.657,0.682,,,,,,,,,,,,,,,,,5633,,,-35,,,,,,,,,,,,,,3998,,,2436,,,2829,,,536,,
Flags,@palmer (Flags),5,2,2,40%,40%,1.008,1.024,,,,,,,,,,,,2919,,3942,,,,,,,,,6010,,,5025,,7701,,,,,,,,,,,,,,,,,
Flags,@realnuggets (Flags),6,1,1,17%,17%,0.664,0.681,,,,,,,,,,,,,,,,,,,,,,,,,,3128,,7524,,,5522,,,2417,,,10,,,0,,,,,
Flags,@relaxedp (Flags),3,1,1,33%,33%,0.995,1.016,,,9738,,,3647,,,9436,,,,,,,,,,,,,,,,,,,,,,,,,,,,,,,,,,,,
Flags,@shzckers,2,0,0,0%,0%,0.501,0.541,,,,,,,,,,,,,,,,,,,,,,,,,,,,,,,2455,,,,,,,,,,,,2836,,
Flags,@tw0 (@kyriereact) (Flags),2,1,1,50%,50%,1.037,1.042,,,11394,,,4384,,,,,,,,,,,,,,,,,,,,,,,,,,,,,,,,,,,,,,,
Flags,@tylrr (Flags),9,1,1,11%,11%,0.826,0.847,,,,,,,,,,,,,,,,,4788,,,3072,,,5736,,,4142,,5933,,,,,,4161,,,1991,,,1899,,,1954,,
Flags,@yankees.hub (Flags),2,0,0,0%,0%,0.490,0.510,,,,,,,,,,,,,,,,,2734,,,1785,,,,,,,,,,,,,,,,,,,,,,,,,
Fellas,@ballingpm (Fellas),5,2,2,40%,40%,0.834,0.851,,,7703,,,2969,,,,,,,,,,,,8228,,3285,,,4765,,,,,,,,,,,,,,,,,,,,,,
Fellas,@bello,3,0,1,0%,33%,0.837,0.870,,,,,,,,,,,,,,,,,,,,,,,,,,,,,,,,,,3902,,,1659,,,,,,3653,,
Fellas,@bshumer1,3,1,1,33%,33%,0.875,0.895,,,,,,,,,,,,,,,,,,,,,,,,,,3035,,,,,,,,,,,,,,2885,,,3845,,
Fellas,@cadewave (@ashton) (Fellas),8,6,6,75%,75%,1.074,1.103,,,10877,,,4887,,,9166,,,3775,,,8462,,,8322,,4295,,,6088,,,,,,,,,,,,,,,,,,,,,,
Fellas,@cartercrash (Fellas),5,3,3,60%,60%,0.954,0.989,,,8589,,,,,,8077,,,3088,,,9597,,,,,,,,5800,,,,,,,,,,,,,,,,,,,,,,
Fellas,@dariusgarland (@dortch) (Fellas),8,3,4,38%,50%,0.924,0.948,,,10767,,,4056,,,8931,,,2467,,,9319,,,4834,,2839,,,4835,,,,,,,,,,,,,,,,,,,,,,
Fellas,@devonta (Fellas),7,2,3,29%,43%,0.975,1.007,,,,,,,,,,,,,,,,,,,,,,,,,,4165,,,4295,,,5441,,4335,,,3307,,,2792,,,3090,,
Fellas,@dugz (Fellas),8,7,7,88%,88%,1.091,1.120,,,12886,,,5798,,,7951,,,3409,,,8218,,,8160,,3337,,,6985,,,,,,,,,,,,,,,,,,,,,,
Fellas,@duke (Fellas),1,0,0,0%,0%,0.735,0.761,,,,,,,,,,,,,,,,,,,,,,,,,,,,,,,,4101,,,,,,,,,,,,,
Fellas,@floyd (Fellas),3,2,2,67%,67%,1.012,1.055,,,,,,,,,6156,,,4061,,,,,,,,3677,,,,,,,,,,,,,,,,,,,,,,,,,
Fellas,@fun (Fellas),6,2,4,33%,67%,0.976,1.003,,,,,,,,,,,,,,,,,,,,,,,,,,3442,,,3941,,,5525,,3803,,,3247,,,3792,,,,,
Fellas,@gradyt06 (Fellas),2,1,2,50%,100%,1.046,1.074,,,,,,,,,,,,,,,9789,,,7530,,,,,,,,,,,,,,,,,,,,,,,,,,,
Fellas,@joshminottenjoyer (Fellas),6,3,3,50%,50%,0.974,1.005,,,,,,,,,,,,,,,,,,,,,,,,,,4278,,,5520,,,4709,,,,,3004,,,2411,,,2948,,
Fellas,@khys9575 (Fellas),6,4,4,67%,67%,1.043,1.072,,,,,,,,,,,,,,,,,,,,,,,,,,4242,,,3859,,,4768,,5447,,,2997,,,4068,,,,,
Fellas,@mlbelite (Fellas),8,0,0,0%,0%,0.788,0.809,,,9842,,,2665,,,6746,,,1248,,,7859,,,5080,,1975,,,5573,,,,,,,,,,,,,,,,,,,,,,
Fellas,@realnuggets (Fellas),1,0,0,0%,0%,0.832,0.795,,,,,,3801,,,,,,,,,,,,,,,,,,,,,,,,,,,,,,,,,,,,,,,
Fellas,@sasser (Fellas),4,0,0,0%,0%,0.783,0.813,,,,,,,,,,,,,,,,,,,,,,,,,,,,,,,,4637,,3474,,,2220,,,,,,2654,,
Fellas,@xxyn (Fellas),2,1,1,50%,50%,0.926,0.952,,,,,,,,,,,,,,,,,,,,,,,,,,3518,,,4208,,,,,,,,,,,,,,,,
Fellas,@yankees.hub (Fellas),4,1,1,25%,25%,0.694,0.726,,,,,,,,,,,,,,,,,,,,,,,,,,,,,1515,,,,,5582,,,,,,2242,,,1626,,
Amigos,@aprilfoolsbday,7,1,1,14%,14%,0.689,0.715,,,11030,,,,,,,,,2965,,,5025,,4254,,,469,,,4491,,,,,,1063,,,,,,,,,,,,,,,,
Amigos,@ballingpm (Amigos),2,1,1,50%,50%,0.953,1.018,,,,,,,,,,,,,,,,,,,,,,,,,,,,,,,7716,,,3172,,,,,,,,,,,
Amigos,@bamry,5,3,4,60%,80%,0.980,1.003,,,8597,,,5678,,,7761,,,3407,,,8763,,,,,,,,,,,,,,,,,,,,,,,,,,,,,,
Amigos,@bengalsw (Amigos),7,4,4,57%,57%,1.047,1.094,,,,,,,,,,,,,,,,,,,,,,,,,,4410,,,4432,,8093,,,5955,,,2254,,,2168,,,3387,,
Amigos,@duke (Amigos),6,1,1,17%,17%,0.406,0.418,,,11031,,,3409,,,450,,,,,,,,420,,,22,,,370,,,,,,,,,,,,,,,,,,,,,,
Amigos,@flock.ravens (Amigos),2,2,2,100%,100%,1.039,1.068,,,,,,,,,,,,,,,,,,,,,,,,,,4208,,,4459,,,,,,,,,,,,,,,,
Amigos,@josh_0310,6,3,3,50%,50%,0.966,1.014,,,,,,,,,,,,,,,,,6488,,,2594,,,6907,,,4033,,,4896,,4898,,,,,,,,,,,,,,
Amigos,@lxst (@money/@corum) (Amigos),4,3,3,75%,75%,0.895,0.925,,,,,,,,,,,,,,,,,,,,,,,,,,,,,,,,,,5005,,,2921,,,4581,,,200,,
Amigos,@noir,9,3,4,33%,44%,0.938,0.969,,,9526,,,3455,,,8676,,,2510,,,7667,,,,,,,,,,,,,,,,6789,,,,,,2475,,,3303,,,3634,,
Amigos,@norrispaul13 (Amigos),11,10,10,91%,91%,1.166,1.215,,,,,,,,,,,,,,,9549,,5660,,,3898,,,6873,,,5713,,,4739,,8420,,,5735,,,3794,,,4072,,,4421,,
Amigos,@okorolover355 (@iouisss) (Amigos),4,2,3,50%,75%,0.955,0.988,,,,,,,,,,,,,,,,,,,,,,,,,,,,,,,,,,4517,,,2582,,,2642,,,3828,,
Amigos,@palmingo,5,1,1,20%,20%,0.574,0.596,,,,,,,,,,,,,,,,,4033,,,1654,,,2903,,,683,,,4555,,,,,,,,,,,,,,,,
Amigos,@pat (@paterik) (Amigos),5,1,1,20%,20%,0.724,0.741,,,11621,,,3553,,,50,,,2355,,,7687,,,,,,,,,,,,,,,,,,,,,,,,,,,,,,
Amigos,@sink (Amigos),3,2,2,67%,67%,1.216,1.236,,,,,,7128,,,8966,,,2619,,,,,,,,,,,,,,,,,,,,,,,,,,,,,,,,,
Amigos,@ted (@nind0),14,7,8,50%,57%,1.002,1.036,,,11423,,,4069,,,7768,,,3027,,,8141,,6765,,,2576,,,6437,,,4328,,,,,7867,,,3863,,,2691,,,3123,,,3880,,
Traded,@arttheclown_ (All),16,14,14,88%,88%,1.080,1.092,7050,,,9484,,,6335,,,7521,,3412,,,10208,,,8314,,,2203,,,8523,,,5864,,,6603,,,4508,,,6350,,5806,,,5525,,,10259,
Traded,@ballingpm (All),7,3,3,43%,43%,0.865,0.893,,,7703,,,2969,,,,,,,,,,,,8228,,3285,,,4765,,,,,,,,7716,,,3172,,,,,,,,,,,
Traded,@bengalsw (All),10,5,5,50%,50%,0.918,0.956,,,,,,,,,,,,3171,,2151,,,,,,,,,4274,,,4410,,,4432,,8093,,,5955,,,2254,,,2168,,,3387,,
Traded,@bg_15 (@adames) (All),8,1,1,13%,13%,0.886,0.897,,6036,,,,,,,,,4113,2256,,,,,,,,,2629,,,6715,,,,,,,,,,,,,,4355,,,3914,,,9630,
Traded,@bigsnook (All),15,8,9,53%,60%,1.022,1.053,,,8828,,,3879,,,10499,,,3144,,5267,,7871,,,4244,,,10444,,,5161,,,,4492,,,4141,,,6910,,,6201,,,4996,,,,5763
Traded,@bmannn (All),7,4,5,57%,71%,1.037,1.063,,,11320,,5766,,,6784,,,,,,4560,,,6680,,4448,,4021,,,,,,,,,,,,,,,,,,,,,,,,
Traded,@bshumer1 (All),4,0,0,0%,0%,0.782,0.787,,,,,,,,,,,3920,,,3761,,,,,,,1935,,,,,3035,,,,,,,,,,,,,,,,,,,
Traded,@burning (All),8,0,0,0%,0%,0.721,0.736,,,,,,,,,,,,964,,3062,,,4793,,,2141,,,4765,,,2619,,6063,,,,,,,,,,,,,4154,,,,
Traded,@cadewave (@ashton) (All),13,7,7,54%,54%,1.028,1.053,,,10877,,,4887,,,9166,,,3775,,,8462,,,8322,,4295,,,6088,,,3519,,,,,,4983,,,6298,,,,,,,6925,,,6139
Traded,@cartercrash (All),10,6,6,60%,60%,0.996,1.027,,,8589,,,,,,8077,,,3088,,,9597,,,,,,,,5800,,,3388,,,3893,,,,,,6173,,,6718,,4265,,,,,
Traded,@chltown (All),10,2,2,20%,20%,0.822,0.850,,,,,,6008,,,4954,,,,6882,,,7217,,,3993,,,2917,,,4785,,,,3780,,,3943,,,5431,,,,,,,,,,
Traded,@coby (All),14,10,10,71%,71%,1.061,1.077,,6297,,,,,6933,,,10262,,,7162,,,7121,,,5802,,,8657,,,,,5685,,,7449,,,4867,,,6282,,,3327,,,5980,,,5667
Traded,@cyl (All),9,6,6,67%,67%,0.906,0.945,,,9461,,,,,,,,,,,,,,,,,,,8797,,,5815,,,6632,,,1031,,,4742,,,2712,,,3441,,,4723,,
Traded,@dariusgarland (@dortch) (All),12,3,4,25%,33%,0.899,0.914,,,10767,,,4056,,,8931,,,2467,,,9319,,,4834,,2839,,,4835,,,,3881,,,,,,3829,,,,,,2280,,,6642,,,
Traded,@darwin (@senga) (All),2,0,0,0%,0%,0.868,0.886,,,,7270,,,,,,,,,,,,,,,,,,,,,,,,,,,,,,,,,,,,,,,,,4874
Traded,@dawgsnation (All),6,3,3,50%,50%,0.997,1.019,,,,,,,,,,10179,,,,,,7714,,,,3434,,,5233,,,,,,4058,,,,,,,,,,,2457,,,,,
Traded,@deshaun4prison (All),12,7,9,58%,75%,1.061,1.095,6460,,,8459,,,,7249,,,,,,,,,,,4425,,,9470,,,5347,,,7474,,,8043,,,5960,,,,5016,,,4279,,,10591,
Traded,@devonta (All),14,7,8,50%,57%,1.008,1.039,7985,,,6797,,,6283,,,8275,,,6651,,,,,,,3209,,9138,,,,4165,,,4295,,,5441,,4335,,,3307,,,2792,,,3090,,
Traded,@dracula (@draculas) (All),10,1,2,10%,20%,0.867,0.874,,,,5061,,,5561,,,7312,,,6927,,,5637,,6586,,,2610,,,7949,,,3616,,,5914,,,,,,,,,,,,,,,
Traded,@dugz (All),12,11,11,92%,92%,1.102,1.136,,,12886,,,5798,,,7951,,,3409,,,8218,,,8160,,3337,,,6985,,,,,,4384,,,,,,6569,,,,,4069,,,4352,,
Traded,@duke (All),7,1,1,14%,14%,0.448,0.461,,,11031,,,3409,,,450,,,,,,,,420,,,22,,,370,,,,,,,,,4101,,,,,,,,,,,,,
Traded,@ejwise (All),9,6,6,67%,67%,1.115,1.126,,,10147,,,4361,,,,11538,,,,7211,,,4949,,,,,,,,,5800,,,,6475,,,4649,,,,,,4328,,,,,,
Traded,@flock.ravens (All),10,6,6,60%,60%,1.027,1.051,,,,,,,,6990,,,3499,,,5638,,,,,,,,,,,,4208,,,4459,,,5293,,,6348,,,6451,,,4884,,,,6911
Traded,@floyd (All),4,2,2,50%,50%,0.912,0.946,,,,,,,,,6156,,,4061,,,,,,,,3677,,,,,,,,,,,,,,,,,976,,,,,,,,
Traded,@frylock (All),5,0,0,0%,0%,0.736,0.758,,5256,,,,3308,,,,,,2370,,,6152,,,,,,,6004,,,,,,,,,,,,,,,,,,,,,,,
Traded,@fun (All),11,6,8,55%,73%,1.010,1.031,6865,,,,,,,9069,,,2559,,,,,,,,,,2896,,,8997,,3442,,,3941,,,5525,,3803,,,3247,,,3792,,,,,
Traded,@gradyt06 (All),4,2,3,50%,75%,1.040,1.063,,,,,,4245,,,8461,,,,,,9789,,,7530,,,,,,,,,,,,,,,,,,,,,,,,,,,
Traded,@hoosier (All),7,2,3,29%,43%,0.749,0.777,,,,,,,,,,,,,,,,,,,,,,1973,,,3884,,,5999,,,,5789,,,5764,,,,4112,,,,,,4221
Traded,@j417 (All),11,1,1,9%,9%,0.791,0.818,,,,7344,,,,,5544,,,2988,,4984,,,5660,,,1737,,,4888,,,3143,,5181,,,4394,,,,,,,,,,,,1990,,
Traded,@joshminottenjoyer (All),12,5,5,42%,42%,0.949,0.969,,,9700,,,3148,,,,,,4051,,,9062,,,6924,,,2185,,,,,4278,,,5520,,,4709,,,,,3004,,,2411,,,2948,,
Traded,@justakidfromakron23 (All),14,0,0,0%,0%,0.818,0.838,,5970,,,,4389,,,5693,,,2410,,,6391,,,6958,,,,,,6486,3653,,,5793,,,4757,,,4342,,,2288,,,2573,,,3437,,
Traded,@khys9575 (All),14,8,8,57%,57%,1.015,1.042,,6884,,,4659,,,6722,,,3212,,,4510,,8818,,,4560,,,9948,,,,4242,,,3859,,,4768,,5447,,,2997,,,4068,,,,,
Traded,@knightnate12 (All),14,4,6,29%,43%,0.943,0.967,,,10524,,,,,6343,,,5145,,,4368,,,5022,,3664,,,8334,,,,,4337,,,7253,,,5133,,5017,,,3978,,,5155,,,7882,
Traded,@longganisa (@rich.brian) (All),15,8,10,53%,67%,1.035,1.058,,7180,,,6249,,5879,,,9536,,,7462,,,6780,,,4545,,,10049,,,,3519,,,3607,,,5860,,,5826,,,5001,,,,7911,,,7016
Traded,@lxst (@money/@corum) (All),9,4,4,44%,44%,0.905,0.922,5466,,,5415,,,,,,,4190,,,,,,8194,,,,,,,,,,3401,,,,,,,5005,,,2921,,,4581,,,200,,
Traded,@mario (All),14,10,10,71%,71%,1.022,1.035,6986,,,6696,,,6713,,,8911,,,,5534,,,,8667,,,2741,,,7114,,,,,,6512,,,4767,,,6164,,,3745,,,6668,,,6931
Traded,@marner (All),14,7,8,50%,57%,1.008,1.038,,,,,,4193,,,9560,,,2499,,,8998,,,6903,4879,,,8976,,,,4485,,,4059,,,6530,,,6071,,,5212,,,,7306,,,5262
Traded,@mars_vibezz (All),9,3,3,33%,33%,0.946,0.971,4936,,,6343,,,5530,,,,,,,,,,,,4925,,,,7238,,,,,,5647,,,,,,,,2316,,,2453,,,3247,,
Traded,@masdog2222 (All),12,11,11,92%,92%,1.112,1.131,,,,,6223,,,8894,,,2433,,,6313,,,7429,,,,,,,,,5333,,,5165,,,,4662,,,6023,,,4227,,,8154,,,6601
Traded,@maxp (All),13,6,6,46%,46%,1.016,1.038,,,9901,,,4570,,,8286,,5040,,,5415,,,7798,,,2142,,,,,,,6013,,3496,,,4787,,,5801,,,5442,,,4575,,,,
Traded,@member98674 (@erndog) (All),13,6,7,46%,54%,1.037,1.060,5922,,,10572,,,5649,,,6756,,,5870,,,8337,,,,,,,6325,,,,,9360,,,5427,,,4970,,,2464,,,4034,,,4510,,
Traded,@mlbelite (All),9,0,1,0%,11%,0.808,0.830,,,9842,,,2665,,,6746,,,1248,,,7859,,,5080,,1975,,,5573,,,,,,,,,,,,,,,,,,,,,,6162
Traded,@morel (All),12,5,5,42%,42%,1.011,1.031,6988,,,7311,,,5950,,,10455,,,7241,,,7008,,,4172,,,9003,,,,,,,,,,,3654,,,,,,3248,,,7289,,,6794
Traded,@mpls (All),10,4,6,40%,60%,0.914,0.929,6592,,,7865,,,4952,,,,,,6708,,,8007,,,4493,,,,,,4909,,,,,,,,,,,,,3774,,,2227,,,9380,
Traded,@murray (All),5,1,2,20%,40%,0.893,0.935,,,8786,,6007,,,,,,,,,,,,,,,,,7935,,,,,,,2873,,,,,,,,,,,,,,,,6045
Traded,@nael_abuasi (All),9,1,1,11%,11%,0.772,0.790,4643,,,,,,6911,,,7614,,,,,,,5633,,,-35,,,,,,,,,,,,,,3998,,,2436,,,2829,,,536,,
Traded,@ngasilver (@silver) (All),5,0,0,0%,0%,0.515,0.530,,,,4528,,,5214,,,,,,,,,,,,,,,,,,,,,,,,1446,,,2096,,,999,,,,,,,,
Traded,@norrispaul13 (All),15,11,11,73%,73%,1.106,1.141,,7656,,,5350,,,6303,,,3310,,,,9549,,5660,,,3898,,,6873,,,5713,,,4739,,8420,,,5735,,,3794,,,4072,,,4421,,
Traded,@okorolover355 (@iouisss) (All),14,5,6,36%,43%,0.879,0.907,,,8759,,5226,,,4810,,,2216,,6927,,,7946,,,4984,,,7829,,,4239,,,,2917,,,,,4517,,,2582,,,2642,,,3828,,
Traded,@palmer (All),8,2,2,25%,25%,0.917,0.925,,,,,,,4630,,,,,2919,,3942,,,,,,,,,6010,,,5025,,7701,,,,,,,,,,5453,,,,5052,,,
Traded,@pat (@paterik) (All),11,5,6,45%,55%,0.879,0.897,,,11621,,,3553,,,50,,,2355,,,7687,,,,,,,,,,4470,,,6956,,,,5943,,,6288,,,5495,,,6233,,,,
Traded,@realnuggets (All),7,1,1,14%,14%,0.688,0.698,,,,,,3801,,,,,,,,,,,,,,,,,,,,3128,,7524,,,5522,,,2417,,,10,,,0,,,,,
Traded,@relaxedp (All),11,5,6,45%,55%,1.034,1.071,,,9738,,,3647,,,9436,,,,,,10323,,,,3995,,,9373,,,4784,,,,4544,,,7251,,,5713,,,5192,,,,,,,
Traded,@rzk__ (@rzk) (All),15,10,11,67%,73%,1.100,1.129,,6781,,,6700,,,8783,,,4740,,5557,,,7254,,,5333,,,8276,,,4418,,,8436,,,7976,,,5688,,,2417,,,,6960,,,11015,
Traded,@sammy (@sammybammy) (All),7,2,2,29%,29%,0.818,0.831,,,,,,,,,,,,,,,,,,,,,,,4890,,,,3616,,,4993,,,3978,,-192,,,5537,,,,,,11493,
Traded,@sasser (All),9,2,2,22%,22%,0.898,0.920,,,,,5213,,,7821,,,5487,,,4164,,,,,3170,,,,,,,,,,,,,4637,,3474,,,2220,,,,,,2654,,
Traded,@shot (All),9,3,3,33%,33%,0.880,0.902,,5249,,,,3159,,,7295,,,,,3555,,,6416,,,2977,,,6792,,,,,,,,,,,,,3965,,,3454,,,,,,
Traded,@sink (All),13,6,6,46%,46%,0.964,0.988,,,,,,7128,,,8966,,,2619,7384,,,,5252,,,2955,,,6850,,,3971,,,2639,,,,4691,,,3725,,,3651,,,,,,3825
Traded,@tatum (All),3,0,0,0%,0%,0.798,0.822,,,,,,,,,,,,,5107,,,,,,,,,,,,,,,,,,,5094,,,,,1507,,,,,,,,
Traded,@toasty (All),10,0,0,0%,0%,0.864,0.878,,,,,,4564,,,6270,,,2036,,,,,,,,,,,,,,,4186,,,4377,,4729,,,5495,,,5161,,,4058,,,,5922
Traded,@trevq3 (All),5,0,0,0%,0%,0.879,0.911,,5999,,,5335,,,,,,,,,,,,,,,,,,,,4843,,,,,,5117,,,3904,,,,,,,,,,,
Traded,@tw0 (@kyriereact) (All),15,13,13,87%,87%,1.180,1.219,,,11394,,,4384,,6530,,,6682,,,6728,,,7179,,,3039,,10528,,,6609,,,8021,,,7725,,,6663,,,3430,,,3873,,,4693,,
Traded,@tylrr (All),11,1,1,9%,9%,0.822,0.841,5456,,,6012,,,,,,,,,,,,,4788,,,3072,,,5736,,,4142,,5933,,,,,,4161,,,1991,,,1899,,,1954,,
Traded,@xxyn (All),8,3,5,38%,63%,0.960,0.982,,,,,,,,,,,,,,,,,,7689,,,1810,,,8197,,3518,,,4208,,,,,,,,2733,,,3358,,,3772,,
Traded,@yankees.hub (All),6,1,1,17%,17%,0.619,0.646,,,,,,,,,,,,,,,,,2734,,,1785,,,,,,,,,1515,,,,,5582,,,,,,2242,,,1626,,
